transaction_id,customer_id,amount,location,timestamp,merchant,date,hour,is_high_value
1,C1045,4672.28,Chennai,2026-10-07 22:49:48.860543,Apple,2026-10-07,22,False
2,C1051,4493.48,Chennai,2026-10-04 18:18:48.860586,Myntra,2026-10-04,18,False
3,C1099,2109.22,Mumbai,2026-10-05 12:49:48.860597,Uber,2026-10-05,12,False
4,C1077,398.91,Chennai,2026-10-04 22:33:48.860604,Uber,2026-10-04,22,False
5,C1037,8255.79,Delhi,2026-10-05 04:44:48.860609,Uber,2026-10-05,4,False
6,C1087,1463.37,Chennai,2026-10-04 08:51:48.860615,Zomato,2026-10-04,8,False
7,C1068,259.32,Pune,2026-10-03 04:54:48.860623,Walmart,2026-10-03,4,False
8,C1084,725.83,Hyderabad,2026-10-05 03:44:48.860629,Myntra,2026-10-05,3,False
9,C1015,6961.96,New York,2026-10-01 21:31:48.860634,Myntra,2026-10-01,21,False
10,C1092,5899.94,New York,2026-10-02 17:48:48.860639,Flipkart,2026-10-02,17,False
11,C1055,8818.58,Chennai,2026-10-02 13:10:48.860644,Zomato,2026-10-02,13,False
12,C1096,155.37,Pune,2026-10-02 06:35:48.860648,Zomato,2026-10-02,6,False
13,C1022,4011.83,London,2026-10-05 03:36:48.860654,Flipkart,2026-10-05,3,False
14,C1071,4041.24,London,2026-10-07 12:09:48.860659,Apple,2026-10-07,12,False
15,C1027,5826.86,Hyderabad,2026-10-01 22:04:48.860664,Myntra,2026-10-01,22,False
16,C1089,8616.06,Pune,2026-10-03 10:50:48.860668,Uber,2026-10-03,10,False
17,C1088,4216.08,London,2026-10-04 12:16:48.860673,Uber,2026-10-04,12,False
18,C1015,8022.64,Pune,2026-10-07 20:06:48.860677,Zomato,2026-10-07,20,False
19,C1050,6404.13,Hyderabad,2026-10-02 11:02:48.860682,Uber,2026-10-02,11,False
20,C1012,3227.61,Bangalore,2026-10-06 16:05:48.860687,Zomato,2026-10-06,16,False
21,C1012,9166.13,Hyderabad,2026-10-02 02:42:48.860692,Walmart,2026-10-02,2,False
22,C1030,5900.34,Delhi,2026-10-05 23:14:48.860696,Uber,2026-10-05,23,False
23,C1079,6471.69,Delhi,2026-10-02 09:31:48.860701,Zomato,2026-10-02,9,False
24,C1086,7710.64,Pune,2026-10-02 09:55:48.860706,Amazon,2026-10-02,9,False
25,C1079,4561.03,Bangalore,2026-10-05 12:43:48.860710,Uber,2026-10-05,12,False
26,C1053,8467.21,New York,2026-10-03 16:59:48.860715,Swiggy,2026-10-03,16,False
27,C1023,9934.09,Chennai,2026-10-05 04:22:48.860720,Myntra,2026-10-05,4,False
28,C1018,942.56,Pune,2026-10-05 17:14:48.860724,Uber,2026-10-05,17,False
29,C1022,665.4,Pune,2026-10-01 13:20:48.860729,Myntra,2026-10-01,13,False
30,C1000,4205.27,Hyderabad,2026-10-05 01:24:48.860734,Myntra,2026-10-05,1,False
31,C1022,9696.32,Pune,2026-10-02 02:57:48.860738,Apple,2026-10-02,2,False
32,C1012,1496.67,Mumbai,2026-10-05 01:56:48.860743,Walmart,2026-10-05,1,False
33,C1081,5549.14,Delhi,2026-10-07 21:06:48.860750,Uber,2026-10-07,21,False
34,C1032,7472.84,Chennai,2026-10-07 02:43:48.860755,Uber,2026-10-07,2,False
35,C1095,6435.67,Bangalore,2026-10-01 01:54:48.860759,Swiggy,2026-10-01,1,False
36,C1068,1318.5,Delhi,2026-10-03 02:56:48.860765,Walmart,2026-10-03,2,False
37,C1020,7141.77,Hyderabad,2026-10-05 10:21:48.860769,Uber,2026-10-05,10,False
38,C1066,3014.5,Delhi,2026-10-01 16:49:48.860776,Walmart,2026-10-01,16,False
39,C1021,9757.58,Hyderabad,2026-10-04 11:47:48.860780,Swiggy,2026-10-04,11,False
40,C1061,6293.12,Chennai,2026-10-05 22:19:48.860785,Walmart,2026-10-05,22,False
41,C1009,5958.38,Hyderabad,2026-10-07 18:40:48.860790,Uber,2026-10-07,18,False
42,C1069,4849.24,New York,2026-10-01 23:30:48.860795,Walmart,2026-10-01,23,False
43,C1067,321.02,Pune,2026-10-01 14:29:48.860799,Walmart,2026-10-01,14,False
44,C1010,6104.1,New York,2026-10-06 00:14:48.860804,Swiggy,2026-10-06,0,False
45,C1012,3055.34,Hyderabad,2026-10-06 13:51:48.860808,Walmart,2026-10-06,13,False
46,C1021,6411.49,Mumbai,2026-10-06 00:09:48.860815,Apple,2026-10-06,0,False
47,C1080,8500.72,Chennai,2026-10-07 02:16:48.860821,Uber,2026-10-07,2,False
48,C1076,9503.1,Pune,2026-10-06 02:24:48.860827,Swiggy,2026-10-06,2,False
49,C1058,2747.89,Pune,2026-10-01 19:19:48.860833,Apple,2026-10-01,19,False
50,C1041,6513.68,Mumbai,2026-10-05 15:33:48.860838,Walmart,2026-10-05,15,False
51,C1034,6344.35,New York,2026-10-01 11:26:48.860842,Uber,2026-10-01,11,False
52,C1077,1125.21,Delhi,2026-10-05 10:09:48.860849,Flipkart,2026-10-05,10,False
53,C1084,2585.74,New York,2026-10-07 09:55:48.860853,Myntra,2026-10-07,9,False
54,C1030,4835.02,Delhi,2026-10-06 01:26:48.860858,Myntra,2026-10-06,1,False
55,C1062,9531.57,Pune,2026-10-04 08:55:48.860863,Flipkart,2026-10-04,8,False
56,C1061,9473.94,Pune,2026-10-04 20:49:48.860867,Flipkart,2026-10-04,20,False
57,C1071,8528.2,Bangalore,2026-10-01 10:10:48.860874,Myntra,2026-10-01,10,False
58,C1017,9662.91,New York,2026-10-01 16:48:48.860879,Swiggy,2026-10-01,16,False
59,C1038,537.33,Mumbai,2026-10-06 05:07:48.860884,Amazon,2026-10-06,5,False
60,C1028,3522.68,Bangalore,2026-10-07 18:20:48.860889,Zomato,2026-10-07,18,False
61,C1070,6458.77,Pune,2026-10-04 22:55:48.860893,Uber,2026-10-04,22,False
62,C1096,6685.16,Pune,2026-10-06 19:19:48.860898,Swiggy,2026-10-06,19,False
63,C1048,2172.24,Delhi,2026-10-02 01:23:48.860903,Swiggy,2026-10-02,1,False
64,C1025,2114.67,Pune,2026-10-06 18:38:48.860907,Myntra,2026-10-06,18,False
65,C1096,4211.71,Pune,2026-10-04 21:25:48.860911,Zomato,2026-10-04,21,False
66,C1033,4551.18,Delhi,2026-10-01 18:08:48.860916,Flipkart,2026-10-01,18,False
67,C1020,2453.59,Hyderabad,2026-10-01 16:35:48.860921,Zomato,2026-10-01,16,False
68,C1008,6495.4,Chennai,2026-10-01 22:06:48.860926,Amazon,2026-10-01,22,False
69,C1065,1852.22,London,2026-10-04 11:28:48.860930,Amazon,2026-10-04,11,False
70,C1091,9368.84,Pune,2026-10-06 19:37:48.860935,Zomato,2026-10-06,19,False
71,C1005,8448.1,Delhi,2026-10-02 05:40:48.860941,Walmart,2026-10-02,5,False
72,C1094,1664.31,Pune,2026-10-07 07:45:48.860947,Apple,2026-10-07,7,False
73,C1022,5164.25,Mumbai,2026-10-04 14:50:48.860952,Walmart,2026-10-04,14,False
74,C1047,958.89,Hyderabad,2026-10-01 02:31:48.860957,Uber,2026-10-01,2,False
75,C1007,374.26,New York,2026-10-05 23:27:48.860962,Walmart,2026-10-05,23,False
76,C1064,3983.67,Bangalore,2026-10-06 14:48:48.860966,Zomato,2026-10-06,14,False
77,C1094,1206.63,Bangalore,2026-10-06 06:29:48.860971,Zomato,2026-10-06,6,False
78,C1081,2308.4,Hyderabad,2026-10-03 20:09:48.860976,Swiggy,2026-10-03,20,False
79,C1077,5283.67,Chennai,2026-10-03 01:37:48.860980,Myntra,2026-10-03,1,False
80,C1034,5132.65,Pune,2026-10-06 23:12:48.860985,Apple,2026-10-06,23,False
81,C1040,6025.18,New York,2026-10-06 01:02:48.860989,Apple,2026-10-06,1,False
82,C1048,5005.95,Hyderabad,2026-10-06 11:48:48.860994,Flipkart,2026-10-06,11,False
83,C1055,6995.5,Chennai,2026-10-07 11:30:48.860998,Myntra,2026-10-07,11,False
84,C1010,2114.78,New York,2026-10-06 22:57:48.861003,Apple,2026-10-06,22,False
85,C1077,1889.08,New York,2026-10-05 03:19:48.861007,Walmart,2026-10-05,3,False
86,C1035,9067.3,New York,2026-10-02 14:54:48.861012,Zomato,2026-10-02,14,False
87,C1077,994.25,Mumbai,2026-10-07 10:49:48.861017,Amazon,2026-10-07,10,False
88,C1080,6457.35,New York,2026-10-02 23:45:48.861021,Walmart,2026-10-02,23,False
89,C1091,6694.37,New York,2026-10-06 09:30:48.861294,Uber,2026-10-06,9,False
90,C1070,9486.61,Mumbai,2026-10-03 08:57:48.861302,Myntra,2026-10-03,8,False
91,C1054,4058.1,Pune,2026-10-02 18:33:48.861308,Flipkart,2026-10-02,18,False
92,C1041,8173.67,Bangalore,2026-10-06 19:24:48.861313,Myntra,2026-10-06,19,False
93,C1017,5852.09,Pune,2026-10-02 03:11:48.861318,Walmart,2026-10-02,3,False
94,C1051,7013.02,Hyderabad,2026-10-07 15:55:48.861326,Flipkart,2026-10-07,15,False
95,C1072,3822.49,Chennai,2026-10-02 07:01:48.861333,Flipkart,2026-10-02,7,False
96,C1086,8719.34,Hyderabad,2026-10-01 14:46:48.861339,Flipkart,2026-10-01,14,False
97,C1071,4503.7,Pune,2026-10-03 10:16:48.861344,Apple,2026-10-03,10,False
98,C1040,3821.27,Chennai,2026-10-05 07:43:48.861349,Flipkart,2026-10-05,7,False
99,C1004,2658.91,London,2026-10-01 01:46:48.861353,Flipkart,2026-10-01,1,False
100,C1003,5739.56,Pune,2026-10-02 13:41:48.861358,Zomato,2026-10-02,13,False
101,C1054,837.6,Bangalore,2026-10-06 16:32:48.861362,Zomato,2026-10-06,16,False
102,C1024,4561.52,Chennai,2026-10-04 06:58:48.861367,Apple,2026-10-04,6,False
103,C1045,7835.83,Pune,2026-10-06 06:37:48.861372,Apple,2026-10-06,6,False
104,C1055,3637.64,Chennai,2026-10-01 19:35:48.861377,Walmart,2026-10-01,19,False
105,C1099,2437.24,Bangalore,2026-10-05 18:18:48.861382,Amazon,2026-10-05,18,False
106,C1035,9227.28,Delhi,2026-10-01 07:39:48.861387,Myntra,2026-10-01,7,False
107,C1014,4564.81,Bangalore,2026-10-01 16:30:48.861392,Amazon,2026-10-01,16,False
108,C1015,6044.84,Chennai,2026-10-06 22:06:48.861396,Zomato,2026-10-06,22,False
109,C1054,7987.83,Delhi,2026-10-02 01:12:48.861401,Myntra,2026-10-02,1,False
110,C1077,494.56,Pune,2026-10-01 13:38:48.861406,Uber,2026-10-01,13,False
111,C1062,1073.34,Chennai,2026-10-05 02:26:48.861411,Swiggy,2026-10-05,2,False
112,C1087,5325.58,Delhi,2026-10-07 06:49:48.861416,Amazon,2026-10-07,6,False
113,C1014,3464.81,London,2026-10-07 00:33:48.861421,Uber,2026-10-07,0,False
114,C1022,523.35,New York,2026-10-06 10:06:48.861427,Apple,2026-10-06,10,False
115,C1018,2396.67,Mumbai,2026-10-04 15:51:48.861432,Flipkart,2026-10-04,15,False
116,C1100,3845.24,Mumbai,2026-10-01 11:15:48.861439,Uber,2026-10-01,11,False
117,C1096,7249.22,Bangalore,2026-10-07 22:35:48.861443,Zomato,2026-10-07,22,False
118,C1051,139.09,Chennai,2026-10-06 18:16:48.861449,Swiggy,2026-10-06,18,False
119,C1000,1482.71,Delhi,2026-10-07 17:14:48.861453,Uber,2026-10-07,17,False
120,C1080,2767.38,Pune,2026-10-06 19:29:48.861458,Apple,2026-10-06,19,False
121,C1090,6422.87,Hyderabad,2026-10-02 16:39:48.861463,Apple,2026-10-02,16,False
122,C1033,8384.86,Delhi,2026-10-05 00:40:48.861468,Myntra,2026-10-05,0,False
123,C1095,707.55,Delhi,2026-10-07 03:27:48.861472,Flipkart,2026-10-07,3,False
124,C1056,5993.3,Delhi,2026-10-01 19:54:48.861477,Amazon,2026-10-01,19,False
125,C1047,7846.68,Pune,2026-10-06 22:46:48.861482,Flipkart,2026-10-06,22,False
126,C1013,9601.16,Hyderabad,2026-10-06 17:16:48.861489,Swiggy,2026-10-06,17,False
127,C1023,398.13,London,2026-10-05 14:49:48.861494,Uber,2026-10-05,14,False
128,C1057,8393.37,Chennai,2026-10-06 22:36:48.861498,Zomato,2026-10-06,22,False
129,C1023,794.02,Mumbai,2026-10-02 19:30:48.861503,Walmart,2026-10-02,19,False
130,C1055,3781.72,Mumbai,2026-10-03 15:27:48.861508,Flipkart,2026-10-03,15,False
131,C1067,6212.17,Hyderabad,2026-10-03 02:01:48.861513,Zomato,2026-10-03,2,False
132,C1033,8413.84,Mumbai,2026-10-07 20:56:48.861517,Apple,2026-10-07,20,False
133,C1029,436.9,London,2026-10-02 16:40:48.861524,Walmart,2026-10-02,16,False
134,C1079,7927.5,Mumbai,2026-10-06 13:09:48.861529,Myntra,2026-10-06,13,False
135,C1091,5597.28,New York,2026-10-05 11:51:48.861534,Myntra,2026-10-05,11,False
136,C1048,2779.97,Delhi,2026-10-04 06:07:48.861538,Zomato,2026-10-04,6,False
137,C1002,6063.25,Delhi,2026-10-01 21:17:48.861543,Myntra,2026-10-01,21,False
138,C1090,530.98,New York,2026-10-05 20:14:48.861547,Zomato,2026-10-05,20,False
139,C1086,3361.36,Hyderabad,2026-10-02 11:05:48.861552,Myntra,2026-10-02,11,False
140,C1021,7947.37,Mumbai,2026-10-02 10:58:48.861557,Apple,2026-10-02,10,False
141,C1078,5783.59,London,2026-10-02 00:13:48.861562,Flipkart,2026-10-02,0,False
142,C1038,2257.01,New York,2026-10-06 10:36:48.861567,Amazon,2026-10-06,10,False
143,C1093,6579.27,Chennai,2026-10-04 18:23:48.861572,Uber,2026-10-04,18,False
144,C1040,1773.51,Hyderabad,2026-10-03 22:41:48.861576,Walmart,2026-10-03,22,False
145,C1074,4604.3,New York,2026-10-05 02:40:48.861581,Walmart,2026-10-05,2,False
146,C1055,6692.04,Delhi,2026-10-06 03:13:48.861586,Zomato,2026-10-06,3,False
147,C1014,4340.26,Delhi,2026-10-02 21:02:48.861590,Flipkart,2026-10-02,21,False
148,C1032,6171.21,Chennai,2026-10-07 01:43:48.861595,Flipkart,2026-10-07,1,False
149,C1098,8293.65,Delhi,2026-10-01 23:37:48.861600,Myntra,2026-10-01,23,False
150,C1045,2227.84,Mumbai,2026-10-05 03:07:48.861605,Walmart,2026-10-05,3,False
151,C1098,432.11,Hyderabad,2026-10-03 00:36:48.861610,Zomato,2026-10-03,0,False
152,C1096,1467.41,Delhi,2026-10-03 22:24:48.861617,Flipkart,2026-10-03,22,False
153,C1079,2311.0,Bangalore,2026-10-02 02:04:48.861625,Zomato,2026-10-02,2,False
154,C1100,6534.47,Bangalore,2026-10-05 07:00:48.861629,Uber,2026-10-05,7,False
155,C1086,1587.42,Hyderabad,2026-10-06 01:01:48.861634,Walmart,2026-10-06,1,False
156,C1038,738.17,Bangalore,2026-10-05 08:49:48.861639,Swiggy,2026-10-05,8,False
157,C1009,3430.31,Hyderabad,2026-10-05 13:29:48.861643,Walmart,2026-10-05,13,False
158,C1053,7579.14,Chennai,2026-10-02 03:29:48.861648,Apple,2026-10-02,3,False
159,C1013,2159.98,Pune,2026-10-07 20:51:48.861653,Uber,2026-10-07,20,False
160,C1076,7727.91,Delhi,2026-10-04 11:00:48.861657,Myntra,2026-10-04,11,False
161,C1037,7453.25,Delhi,2026-10-07 12:14:48.861662,Apple,2026-10-07,12,False
162,C1001,735.09,Bangalore,2026-10-02 04:40:48.861666,Walmart,2026-10-02,4,False
163,C1029,3519.08,Pune,2026-10-07 02:15:48.861671,Apple,2026-10-07,2,False
164,C1060,4094.93,Delhi,2026-10-03 21:00:48.861676,Amazon,2026-10-03,21,False
165,C1071,5744.64,Bangalore,2026-10-05 12:13:48.861680,Zomato,2026-10-05,12,False
166,C1072,7597.02,London,2026-10-04 18:24:48.861685,Swiggy,2026-10-04,18,False
167,C1072,905.9,Chennai,2026-10-01 15:56:48.861691,Myntra,2026-10-01,15,False
168,C1020,846.11,Mumbai,2026-10-03 21:01:48.861695,Amazon,2026-10-03,21,False
169,C1030,1618.74,London,2026-10-02 18:59:48.861700,Swiggy,2026-10-02,18,False
170,C1066,4791.62,New York,2026-10-04 16:11:48.861706,Amazon,2026-10-04,16,False
171,C1055,8152.39,London,2026-10-01 17:56:48.861710,Apple,2026-10-01,17,False
172,C1091,2363.04,Pune,2026-10-05 01:22:48.861716,Zomato,2026-10-05,1,False
173,C1039,7630.33,Hyderabad,2026-10-06 21:04:48.861721,Zomato,2026-10-06,21,False
174,C1095,2729.98,Pune,2026-10-05 08:29:48.861726,Apple,2026-10-05,8,False
175,C1008,4219.12,Delhi,2026-10-06 04:27:48.861730,Apple,2026-10-06,4,False
176,C1070,884.92,Delhi,2026-10-02 04:20:48.861735,Walmart,2026-10-02,4,False
177,C1051,6683.22,Hyderabad,2026-10-04 13:42:48.861742,Amazon,2026-10-04,13,False
178,C1008,8263.59,London,2026-10-06 14:12:48.861746,Amazon,2026-10-06,14,False
179,C1035,8742.85,Delhi,2026-10-03 14:22:48.861751,Apple,2026-10-03,14,False
180,C1030,4126.84,Pune,2026-10-02 10:18:48.861755,Zomato,2026-10-02,10,False
181,C1046,2980.62,Pune,2026-10-04 15:05:48.861760,Amazon,2026-10-04,15,False
182,C1019,1845.54,New York,2026-10-03 17:02:48.861764,Amazon,2026-10-03,17,False
183,C1057,4930.37,Bangalore,2026-10-04 07:37:48.861769,Swiggy,2026-10-04,7,False
184,C1008,9704.91,Mumbai,2026-10-02 13:03:48.861773,Myntra,2026-10-02,13,False
185,C1093,2097.81,Bangalore,2026-10-01 17:26:48.861778,Flipkart,2026-10-01,17,False
186,C1019,2721.33,New York,2026-10-06 13:21:48.861783,Uber,2026-10-06,13,False
187,C1071,5392.29,Hyderabad,2026-10-07 02:07:48.861787,Uber,2026-10-07,2,False
188,C1045,3895.89,Pune,2026-10-04 07:40:48.861792,Zomato,2026-10-04,7,False
189,C1014,6660.99,Bangalore,2026-10-03 04:28:48.861797,Uber,2026-10-03,4,False
190,C1011,9139.71,London,2026-10-05 17:23:48.861803,Swiggy,2026-10-05,17,False
191,C1046,8533.99,London,2026-10-01 12:11:48.861808,Zomato,2026-10-01,12,False
192,C1090,2238.2,New York,2026-10-02 03:18:48.861814,Uber,2026-10-02,3,False
193,C1081,8226.53,Mumbai,2026-10-02 14:19:48.861819,Apple,2026-10-02,14,False
194,C1048,619.53,New York,2026-10-02 12:07:48.861824,Flipkart,2026-10-02,12,False
195,C1007,9837.03,Chennai,2026-10-02 14:37:48.861828,Apple,2026-10-02,14,False
196,C1014,2861.5,Bangalore,2026-10-01 18:32:48.861833,Walmart,2026-10-01,18,False
197,C1020,9070.37,Hyderabad,2026-10-03 08:38:48.861837,Myntra,2026-10-03,8,False
198,C1003,509.24,Chennai,2026-10-02 22:48:48.861842,Uber,2026-10-02,22,False
199,C1098,7832.73,Mumbai,2026-10-02 09:03:48.861846,Flipkart,2026-10-02,9,False
200,C1070,7843.89,Delhi,2026-10-05 18:36:48.861851,Apple,2026-10-05,18,False
201,C1062,6771.57,Chennai,2026-10-02 06:17:48.861855,Uber,2026-10-02,6,False
202,C1054,4781.01,Delhi,2026-10-06 22:31:48.861860,Myntra,2026-10-06,22,False
203,C1047,6474.61,Pune,2026-10-03 21:08:48.861865,Zomato,2026-10-03,21,False
204,C1009,8226.61,Pune,2026-10-03 00:36:48.861870,Flipkart,2026-10-03,0,False
205,C1085,3417.16,Bangalore,2026-10-05 14:23:48.861875,Myntra,2026-10-05,14,False
206,C1016,1023.33,Mumbai,2026-10-02 12:40:48.861879,Swiggy,2026-10-02,12,False
207,C1089,7243.99,London,2026-10-03 18:09:48.861884,Apple,2026-10-03,18,False
208,C1012,2382.86,London,2026-10-04 19:06:48.861888,Myntra,2026-10-04,19,False
209,C1040,1329.88,New York,2026-10-01 23:14:48.861893,Swiggy,2026-10-01,23,False
210,C1046,3015.28,Chennai,2026-10-01 10:50:48.861898,Walmart,2026-10-01,10,False
211,C1073,145.64,Mumbai,2026-10-01 15:40:48.861904,Myntra,2026-10-01,15,False
212,C1007,9134.52,London,2026-10-01 16:08:48.861909,Myntra,2026-10-01,16,False
213,C1087,274.41,Mumbai,2026-10-06 11:26:48.861914,Walmart,2026-10-06,11,False
214,C1093,9392.0,Pune,2026-10-01 15:01:48.861919,Flipkart,2026-10-01,15,False
215,C1011,3704.92,Chennai,2026-10-04 11:12:48.861924,Apple,2026-10-04,11,False
216,C1000,290.45,New York,2026-10-04 22:13:48.861928,Swiggy,2026-10-04,22,False
217,C1018,8545.36,Chennai,2026-10-05 10:14:48.861933,Apple,2026-10-05,10,False
218,C1036,8819.61,Chennai,2026-10-05 12:09:48.861938,Amazon,2026-10-05,12,False
219,C1025,4982.4,Hyderabad,2026-10-05 20:14:48.861945,Swiggy,2026-10-05,20,False
220,C1036,4405.97,Delhi,2026-10-03 22:07:48.861950,Swiggy,2026-10-03,22,False
221,C1000,2072.61,Delhi,2026-10-05 08:13:48.861954,Zomato,2026-10-05,8,False
222,C1043,9788.6,Hyderabad,2026-10-01 15:26:48.861960,Apple,2026-10-01,15,False
223,C1069,7527.65,Hyderabad,2026-10-03 17:58:48.861964,Flipkart,2026-10-03,17,False
224,C1032,717.67,Chennai,2026-10-04 07:53:48.861969,Walmart,2026-10-04,7,False
225,C1067,4230.52,Chennai,2026-10-07 22:35:48.861973,Apple,2026-10-07,22,False
226,C1034,2181.86,Chennai,2026-10-01 04:49:48.861978,Apple,2026-10-01,4,False
227,C1034,1170.56,Hyderabad,2026-10-06 13:16:48.861982,Walmart,2026-10-06,13,False
228,C1070,6981.25,Chennai,2026-10-05 20:52:48.861986,Flipkart,2026-10-05,20,False
229,C1077,5293.62,Pune,2026-10-06 13:35:48.861991,Myntra,2026-10-06,13,False
230,C1045,9318.22,Bangalore,2026-10-04 08:24:48.861995,Swiggy,2026-10-04,8,False
231,C1055,3896.62,New York,2026-10-04 07:45:48.862001,Apple,2026-10-04,7,False
232,C1026,975.1,Mumbai,2026-10-05 09:22:48.862006,Zomato,2026-10-05,9,False
233,C1090,4519.54,Bangalore,2026-10-07 11:54:48.862011,Uber,2026-10-07,11,False
234,C1072,3069.17,Pune,2026-10-07 23:38:48.862016,Flipkart,2026-10-07,23,False
235,C1011,5875.48,Pune,2026-10-07 20:05:48.862021,Swiggy,2026-10-07,20,False
236,C1046,7191.12,Pune,2026-10-02 18:14:48.862027,Walmart,2026-10-02,18,False
237,C1038,8865.4,Delhi,2026-10-06 05:32:48.862032,Myntra,2026-10-06,5,False
238,C1033,2198.69,Mumbai,2026-10-01 22:14:48.862036,Zomato,2026-10-01,22,False
239,C1005,1406.11,Hyderabad,2026-10-03 16:08:48.862041,Swiggy,2026-10-03,16,False
240,C1079,1675.58,Chennai,2026-10-06 04:34:48.862046,Flipkart,2026-10-06,4,False
241,C1069,8870.28,Delhi,2026-10-02 15:40:48.862051,Zomato,2026-10-02,15,False
242,C1091,3362.41,Mumbai,2026-10-01 17:15:48.862055,Myntra,2026-10-01,17,False
243,C1050,8515.43,Hyderabad,2026-10-02 19:45:48.862060,Uber,2026-10-02,19,False
244,C1097,5607.41,New York,2026-10-04 07:30:48.862064,Walmart,2026-10-04,7,False
245,C1002,8039.34,London,2026-10-02 08:04:48.862069,Walmart,2026-10-02,8,False
246,C1069,7025.17,Bangalore,2026-10-01 00:29:48.862073,Swiggy,2026-10-01,0,False
247,C1018,5961.33,London,2026-10-03 22:10:48.862077,Swiggy,2026-10-03,22,False
248,C1051,6156.27,London,2026-10-01 21:02:48.862082,Swiggy,2026-10-01,21,False
249,C1093,9724.73,Pune,2026-10-05 17:35:48.862087,Flipkart,2026-10-05,17,False
250,C1057,6513.72,New York,2026-10-02 11:07:48.862093,Walmart,2026-10-02,11,False
251,C1044,1889.32,Delhi,2026-10-01 14:55:48.862098,Amazon,2026-10-01,14,False
252,C1086,1036.81,Delhi,2026-10-02 02:07:48.862103,Uber,2026-10-02,2,False
253,C1089,7853.3,Delhi,2026-10-03 07:49:48.862107,Uber,2026-10-03,7,False
254,C1058,8872.59,New York,2026-10-02 10:49:48.862114,Myntra,2026-10-02,10,False
255,C1046,8988.17,Pune,2026-10-01 22:33:48.862119,Apple,2026-10-01,22,False
256,C1017,9238.58,Delhi,2026-10-03 08:29:48.862123,Flipkart,2026-10-03,8,False
257,C1090,4080.14,New York,2026-10-01 06:54:48.862128,Walmart,2026-10-01,6,False
258,C1040,4308.86,Pune,2026-10-05 01:23:48.862134,Amazon,2026-10-05,1,False
259,C1000,5426.23,Bangalore,2026-10-06 22:02:48.862138,Swiggy,2026-10-06,22,False
260,C1056,5240.67,Pune,2026-10-04 15:40:48.862143,Amazon,2026-10-04,15,False
261,C1083,8675.87,Pune,2026-10-04 12:23:48.862148,Swiggy,2026-10-04,12,False
262,C1050,1284.18,New York,2026-10-05 17:20:48.862153,Apple,2026-10-05,17,False
263,C1042,6742.92,New York,2026-10-06 01:28:48.862157,Apple,2026-10-06,1,False
264,C1012,1440.13,Delhi,2026-10-05 00:44:48.862162,Myntra,2026-10-05,0,False
265,C1012,7739.55,Pune,2026-10-04 02:58:48.862167,Zomato,2026-10-04,2,False
266,C1084,7191.54,Chennai,2026-10-02 16:40:48.862172,Flipkart,2026-10-02,16,False
267,C1093,337.36,Mumbai,2026-10-06 14:00:48.862176,Uber,2026-10-06,14,False
268,C1062,7688.92,New York,2026-10-06 10:09:48.862181,Myntra,2026-10-06,10,False
269,C1027,8179.58,Bangalore,2026-10-03 02:12:48.862187,Zomato,2026-10-03,2,False
270,C1000,2520.06,New York,2026-10-07 00:49:48.862194,Swiggy,2026-10-07,0,False
271,C1034,3403.51,Bangalore,2026-10-02 00:06:48.862198,Flipkart,2026-10-02,0,False
272,C1084,8087.92,New York,2026-10-05 20:20:48.862203,Walmart,2026-10-05,20,False
273,C1062,8837.12,Hyderabad,2026-10-06 20:24:48.862207,Swiggy,2026-10-06,20,False
274,C1076,6743.02,Chennai,2026-10-06 15:28:48.862213,Walmart,2026-10-06,15,False
275,C1043,3182.62,Hyderabad,2026-10-03 11:08:48.862217,Swiggy,2026-10-03,11,False
276,C1032,3903.99,London,2026-10-03 09:15:48.862222,Myntra,2026-10-03,9,False
277,C1008,919.05,Chennai,2026-10-03 02:28:48.862226,Apple,2026-10-03,2,False
278,C1094,5311.22,Hyderabad,2026-10-02 15:14:48.862231,Uber,2026-10-02,15,False
279,C1092,6501.65,Delhi,2026-10-04 17:09:48.862236,Myntra,2026-10-04,17,False
280,C1068,5929.8,London,2026-10-04 12:45:48.862241,Zomato,2026-10-04,12,False
281,C1020,5389.53,Hyderabad,2026-10-03 19:20:48.862247,Flipkart,2026-10-03,19,False
282,C1070,6953.59,Pune,2026-10-06 18:49:48.862252,Swiggy,2026-10-06,18,False
283,C1056,3838.96,New York,2026-10-05 02:42:48.862257,Zomato,2026-10-05,2,False
284,C1010,4220.25,New York,2026-10-03 21:30:48.862262,Zomato,2026-10-03,21,False
285,C1031,5865.74,Bangalore,2026-10-05 01:05:48.862266,Walmart,2026-10-05,1,False
286,C1041,5207.67,Mumbai,2026-10-04 17:54:48.862271,Myntra,2026-10-04,17,False
287,C1086,4002.62,Delhi,2026-10-07 22:03:48.862275,Flipkart,2026-10-07,22,False
288,C1058,497.75,Mumbai,2026-10-04 23:53:48.862280,Apple,2026-10-04,23,False
289,C1058,2276.88,Hyderabad,2026-10-04 11:47:48.862287,Amazon,2026-10-04,11,False
290,C1075,1570.73,Hyderabad,2026-10-06 08:51:48.862291,Uber,2026-10-06,8,False
291,C1033,3627.0,Mumbai,2026-10-01 03:46:48.862296,Flipkart,2026-10-01,3,False
292,C1006,8374.41,New York,2026-10-03 11:40:48.862301,Uber,2026-10-03,11,False
293,C1000,978.7,Hyderabad,2026-10-07 05:52:48.862306,Myntra,2026-10-07,5,False
294,C1090,8981.43,Delhi,2026-10-06 19:37:48.862311,Uber,2026-10-06,19,False
295,C1081,7484.92,Bangalore,2026-10-07 14:52:48.862315,Myntra,2026-10-07,14,False
296,C1081,8009.0,Delhi,2026-10-04 05:25:48.862320,Uber,2026-10-04,5,False
297,C1018,8985.31,Pune,2026-10-06 04:15:48.862325,Swiggy,2026-10-06,4,False
298,C1070,511.71,Chennai,2026-10-04 09:09:48.862329,Amazon,2026-10-04,9,False
299,C1007,3953.88,London,2026-10-06 10:54:48.862334,Apple,2026-10-06,10,False
300,C1023,2656.67,Bangalore,2026-10-02 21:56:48.862338,Apple,2026-10-02,21,False
301,C1080,2981.78,Pune,2026-10-05 06:55:48.862343,Myntra,2026-10-05,6,False
302,C1067,3491.45,Bangalore,2026-10-02 01:49:48.862347,Flipkart,2026-10-02,1,False
303,C1037,273.62,Bangalore,2026-10-03 01:34:48.862351,Uber,2026-10-03,1,False
304,C1039,4140.13,Chennai,2026-10-03 16:25:48.862356,Uber,2026-10-03,16,False
305,C1087,9733.74,Delhi,2026-10-06 21:06:48.862360,Walmart,2026-10-06,21,False
306,C1010,2516.15,New York,2026-10-02 03:16:48.862365,Apple,2026-10-02,3,False
307,C1089,9258.76,Hyderabad,2026-10-07 15:54:48.862370,Flipkart,2026-10-07,15,False
308,C1054,7997.02,Bangalore,2026-10-05 11:16:48.862374,Apple,2026-10-05,11,False
309,C1037,2455.17,New York,2026-10-05 10:09:48.862380,Uber,2026-10-05,10,False
310,C1097,7795.99,Mumbai,2026-10-06 16:35:48.862386,Apple,2026-10-06,16,False
311,C1028,4954.0,Hyderabad,2026-10-04 11:43:48.862391,Zomato,2026-10-04,11,False
312,C1039,7222.69,London,2026-10-04 05:33:48.862396,Uber,2026-10-04,5,False
313,C1015,757.61,Delhi,2026-10-02 10:09:48.862400,Amazon,2026-10-02,10,False
314,C1090,2667.95,Hyderabad,2026-10-02 21:11:48.862405,Myntra,2026-10-02,21,False
315,C1010,5258.28,Mumbai,2026-10-01 22:19:48.862409,Myntra,2026-10-01,22,False
316,C1063,6891.79,Delhi,2026-10-04 02:15:48.862414,Uber,2026-10-04,2,False
317,C1052,9554.87,New York,2026-10-01 17:33:48.862420,Walmart,2026-10-01,17,False
318,C1100,7449.47,Mumbai,2026-10-04 15:05:48.862425,Walmart,2026-10-04,15,False
319,C1029,2490.69,New York,2026-10-06 03:57:48.862430,Swiggy,2026-10-06,3,False
320,C1042,4509.21,Hyderabad,2026-10-03 18:59:48.862436,Uber,2026-10-03,18,False
321,C1055,7691.13,Mumbai,2026-10-06 09:38:48.862442,Amazon,2026-10-06,9,False
322,C1085,5734.51,Bangalore,2026-10-05 06:10:48.862447,Zomato,2026-10-05,6,False
323,C1089,3031.42,Delhi,2026-10-01 04:12:48.862452,Apple,2026-10-01,4,False
324,C1085,4324.57,Pune,2026-10-02 16:35:48.862456,Zomato,2026-10-02,16,False
325,C1007,8928.13,Chennai,2026-10-01 22:40:48.862461,Amazon,2026-10-01,22,False
326,C1030,9238.55,Chennai,2026-10-03 04:55:48.862465,Amazon,2026-10-03,4,False
327,C1074,869.8,Pune,2026-10-01 14:58:48.862470,Zomato,2026-10-01,14,False
328,C1063,6380.04,Mumbai,2026-10-07 22:51:48.862476,Zomato,2026-10-07,22,False
329,C1079,5794.36,London,2026-10-03 00:27:48.862481,Zomato,2026-10-03,0,False
330,C1097,3542.33,Delhi,2026-10-07 04:25:48.862486,Amazon,2026-10-07,4,False
331,C1016,4233.55,Pune,2026-10-04 12:49:48.862490,Amazon,2026-10-04,12,False
332,C1003,3197.5,Delhi,2026-10-01 17:44:48.862495,Zomato,2026-10-01,17,False
333,C1036,4875.58,Mumbai,2026-10-05 05:23:48.862500,Uber,2026-10-05,5,False
334,C1061,1149.64,Mumbai,2026-10-06 13:54:48.862504,Amazon,2026-10-06,13,False
335,C1086,5124.66,Delhi,2026-10-06 18:20:48.862509,Uber,2026-10-06,18,False
336,C1012,1363.3,New York,2026-10-04 08:37:48.862514,Myntra,2026-10-04,8,False
337,C1000,6837.45,Pune,2026-10-07 03:04:48.862530,Myntra,2026-10-07,3,False
338,C1075,8849.8,Pune,2026-10-05 10:52:48.862536,Swiggy,2026-10-05,10,False
339,C1092,3791.98,New York,2026-10-04 13:12:48.862540,Flipkart,2026-10-04,13,False
340,C1083,4321.39,Mumbai,2026-10-05 19:39:48.862545,Amazon,2026-10-05,19,False
341,C1013,4319.65,Bangalore,2026-10-04 22:31:48.862550,Uber,2026-10-04,22,False
342,C1097,8355.77,London,2026-10-06 11:01:48.862554,Zomato,2026-10-06,11,False
343,C1064,561.14,Pune,2026-10-02 16:47:48.862559,Amazon,2026-10-02,16,False
344,C1086,1288.56,Chennai,2026-10-07 13:11:48.862563,Flipkart,2026-10-07,13,False
345,C1079,4053.15,Pune,2026-10-02 01:00:48.862570,Myntra,2026-10-02,1,False
346,C1004,9617.22,New York,2026-10-04 13:50:48.862574,Zomato,2026-10-04,13,False
347,C1066,4033.35,Pune,2026-10-03 15:42:48.862580,Flipkart,2026-10-03,15,False
348,C1075,4823.55,Delhi,2026-10-04 05:19:48.862586,Walmart,2026-10-04,5,False
349,C1028,3440.93,Pune,2026-10-06 07:46:48.862591,Uber,2026-10-06,7,False
350,C1068,7781.47,New York,2026-10-01 05:50:48.862595,Walmart,2026-10-01,5,False
351,C1064,1310.45,Hyderabad,2026-10-04 14:32:48.862600,Amazon,2026-10-04,14,False
352,C1009,6146.31,Mumbai,2026-10-05 03:53:48.862604,Flipkart,2026-10-05,3,False
353,C1032,7836.37,Bangalore,2026-10-06 20:53:48.862608,Swiggy,2026-10-06,20,False
354,C1052,2356.64,London,2026-10-05 19:25:48.862614,Walmart,2026-10-05,19,False
355,C1040,3329.41,Bangalore,2026-10-02 09:30:48.862618,Amazon,2026-10-02,9,False
356,C1004,7617.43,London,2026-10-04 14:36:48.862623,Amazon,2026-10-04,14,False
357,C1043,1876.73,Chennai,2026-10-02 16:29:48.862628,Zomato,2026-10-02,16,False
358,C1038,2094.78,Pune,2026-10-04 21:13:48.862632,Uber,2026-10-04,21,False
359,C1042,6267.0,Mumbai,2026-10-07 11:45:48.862636,Zomato,2026-10-07,11,False
360,C1090,2196.61,Hyderabad,2026-10-06 20:17:48.862641,Uber,2026-10-06,20,False
361,C1043,7395.72,Mumbai,2026-10-04 01:45:48.862645,Myntra,2026-10-04,1,False
362,C1095,8759.05,Bangalore,2026-10-04 12:24:48.862650,Amazon,2026-10-04,12,False
363,C1099,7915.81,Hyderabad,2026-10-03 06:45:48.862654,Apple,2026-10-03,6,False
364,C1001,6799.34,Bangalore,2026-10-03 10:00:48.862658,Swiggy,2026-10-03,10,False
365,C1089,4701.24,Bangalore,2026-10-02 18:30:48.862663,Flipkart,2026-10-02,18,False
366,C1096,7424.83,Hyderabad,2026-10-02 05:34:48.862667,Zomato,2026-10-02,5,False
367,C1099,8673.21,Hyderabad,2026-10-02 08:24:48.862673,Myntra,2026-10-02,8,False
368,C1072,1933.29,Delhi,2026-10-01 23:33:48.862678,Zomato,2026-10-01,23,False
369,C1016,866.39,London,2026-10-06 05:44:48.862683,Swiggy,2026-10-06,5,False
370,C1059,7058.83,Chennai,2026-10-04 21:54:48.862687,Uber,2026-10-04,21,False
371,C1047,2665.19,Delhi,2026-10-04 12:00:48.862693,Walmart,2026-10-04,12,False
372,C1048,4868.35,Bangalore,2026-10-01 19:18:48.862698,Walmart,2026-10-01,19,False
373,C1013,792.68,Bangalore,2026-10-04 02:18:48.862702,Myntra,2026-10-04,2,False
374,C1008,6162.54,Bangalore,2026-10-05 02:38:48.862707,Walmart,2026-10-05,2,False
375,C1055,1776.24,Chennai,2026-10-07 04:33:48.862711,Walmart,2026-10-07,4,False
376,C1081,3206.74,London,2026-10-04 21:49:48.862716,Swiggy,2026-10-04,21,False
377,C1035,6621.11,New York,2026-10-02 00:50:48.862720,Walmart,2026-10-02,0,False
378,C1072,2778.15,Pune,2026-10-07 18:17:48.862725,Swiggy,2026-10-07,18,False
379,C1050,7719.92,Hyderabad,2026-10-07 02:20:48.862729,Myntra,2026-10-07,2,False
380,C1000,9240.38,New York,2026-10-02 12:08:48.862734,Amazon,2026-10-02,12,False
381,C1060,1939.03,Delhi,2026-10-02 17:00:48.862740,Apple,2026-10-02,17,False
382,C1039,394.0,Hyderabad,2026-10-01 18:00:48.862745,Apple,2026-10-01,18,False
383,C1079,938.65,Hyderabad,2026-10-05 09:54:48.862750,Uber,2026-10-05,9,False
384,C1093,1540.36,Bangalore,2026-10-01 23:07:48.862754,Flipkart,2026-10-01,23,False
385,C1008,4171.73,Delhi,2026-10-07 00:23:48.862759,Amazon,2026-10-07,0,False
386,C1012,508.11,Delhi,2026-10-03 01:28:48.862764,Uber,2026-10-03,1,False
387,C1093,3929.36,London,2026-10-01 07:08:48.862770,Zomato,2026-10-01,7,False
388,C1092,8178.0,Delhi,2026-10-06 20:58:48.862775,Myntra,2026-10-06,20,False
389,C1031,8015.91,Chennai,2026-10-05 18:22:48.862780,Apple,2026-10-05,18,False
390,C1060,4528.21,Hyderabad,2026-10-07 23:22:48.862784,Myntra,2026-10-07,23,False
391,C1027,9016.94,Bangalore,2026-10-04 12:14:48.862789,Zomato,2026-10-04,12,False
392,C1097,3744.38,Mumbai,2026-10-03 19:47:48.862794,Amazon,2026-10-03,19,False
393,C1084,416.12,London,2026-10-07 11:25:48.862798,Flipkart,2026-10-07,11,False
394,C1079,5521.93,Pune,2026-10-07 12:16:48.862802,Swiggy,2026-10-07,12,False
395,C1073,742.1,Bangalore,2026-10-02 22:31:48.862807,Walmart,2026-10-02,22,False
396,C1020,1870.24,Mumbai,2026-10-06 16:41:48.862811,Walmart,2026-10-06,16,False
397,C1090,5125.58,London,2026-10-06 23:52:48.862816,Walmart,2026-10-06,23,False
398,C1003,4152.42,New York,2026-10-02 03:25:48.862820,Amazon,2026-10-02,3,False
399,C1053,9360.39,London,2026-10-04 06:05:48.862825,Walmart,2026-10-04,6,False
400,C1100,1772.52,Chennai,2026-10-03 23:21:48.862829,Amazon,2026-10-03,23,False
401,C1078,1876.7,Pune,2026-10-07 14:47:48.862834,Apple,2026-10-07,14,False
402,C1087,1983.59,Pune,2026-10-03 05:36:48.862858,Zomato,2026-10-03,5,False
403,C1000,2385.95,Bangalore,2026-10-01 09:14:48.862863,Walmart,2026-10-01,9,False
404,C1081,2035.52,Hyderabad,2026-10-05 13:03:48.862868,Uber,2026-10-05,13,False
405,C1050,9646.04,Mumbai,2026-10-03 16:30:48.862872,Flipkart,2026-10-03,16,False
406,C1100,1054.27,London,2026-10-06 02:28:48.862880,Swiggy,2026-10-06,2,False
407,C1088,8512.45,Chennai,2026-10-06 06:55:48.862885,Apple,2026-10-06,6,False
408,C1042,8607.84,Bangalore,2026-10-04 18:40:48.862890,Swiggy,2026-10-04,18,False
409,C1047,1750.24,Hyderabad,2026-10-02 22:13:48.862897,Myntra,2026-10-02,22,False
410,C1074,1198.62,Bangalore,2026-10-05 23:55:48.862902,Walmart,2026-10-05,23,False
411,C1093,9112.19,New York,2026-10-02 23:48:48.862907,Amazon,2026-10-02,23,False
412,C1016,6331.63,Delhi,2026-10-05 21:01:48.862911,Swiggy,2026-10-05,21,False
413,C1100,6367.05,Chennai,2026-10-01 18:58:48.862916,Myntra,2026-10-01,18,False
414,C1019,5317.16,Hyderabad,2026-10-07 10:20:48.862921,Apple,2026-10-07,10,False
415,C1044,2827.76,Mumbai,2026-10-07 15:43:48.862926,Zomato,2026-10-07,15,False
416,C1077,8958.28,London,2026-10-03 22:12:48.862930,Apple,2026-10-03,22,False
417,C1044,6836.66,London,2026-10-01 19:34:48.862935,Apple,2026-10-01,19,False
418,C1064,1198.0,Mumbai,2026-10-06 14:34:48.862940,Myntra,2026-10-06,14,False
419,C1073,5580.99,Delhi,2026-10-07 21:13:48.862944,Flipkart,2026-10-07,21,False
420,C1084,1812.32,Bangalore,2026-10-06 21:10:48.862949,Walmart,2026-10-06,21,False
421,C1005,3139.89,Pune,2026-10-04 12:18:48.862954,Walmart,2026-10-04,12,False
422,C1042,8637.23,New York,2026-10-02 14:21:48.862958,Flipkart,2026-10-02,14,False
423,C1049,8964.06,Mumbai,2026-10-07 20:02:48.862965,Flipkart,2026-10-07,20,False
424,C1054,5758.04,Hyderabad,2026-10-02 20:27:48.862970,Flipkart,2026-10-02,20,False
425,C1094,1106.25,Hyderabad,2026-10-01 22:49:48.862975,Amazon,2026-10-01,22,False
426,C1031,3597.97,London,2026-10-01 23:52:48.862981,Apple,2026-10-01,23,False
427,C1020,2537.33,Pune,2026-10-03 00:36:48.862986,Walmart,2026-10-03,0,False
428,C1084,1283.88,New York,2026-10-02 12:52:48.862990,Walmart,2026-10-02,12,False
429,C1098,4866.84,New York,2026-10-06 13:13:48.862995,Flipkart,2026-10-06,13,False
430,C1053,9010.66,Hyderabad,2026-10-06 07:49:48.863000,Swiggy,2026-10-06,7,False
431,C1072,3713.08,Chennai,2026-10-02 23:30:48.863004,Apple,2026-10-02,23,False
432,C1035,8048.97,Hyderabad,2026-10-07 06:29:48.863009,Amazon,2026-10-07,6,False
433,C1084,9211.85,Mumbai,2026-10-06 23:11:48.863013,Zomato,2026-10-06,23,False
434,C1063,5164.76,Delhi,2026-10-07 17:38:48.863018,Swiggy,2026-10-07,17,False
435,C1091,7245.17,London,2026-10-07 20:10:48.863022,Walmart,2026-10-07,20,False
436,C1087,4015.01,Hyderabad,2026-10-02 11:43:48.863027,Uber,2026-10-02,11,False
437,C1085,7998.07,Chennai,2026-10-03 05:02:48.863031,Uber,2026-10-03,5,False
438,C1066,2713.14,Pune,2026-10-05 01:01:48.863036,Apple,2026-10-05,1,False
439,C1063,9382.16,New York,2026-10-01 16:01:48.863040,Swiggy,2026-10-01,16,False
440,C1031,4385.26,Chennai,2026-10-04 06:38:48.863045,Uber,2026-10-04,6,False
441,C1069,3404.3,London,2026-10-06 08:49:48.863049,Zomato,2026-10-06,8,False
442,C1049,1958.63,New York,2026-10-07 07:52:48.863054,Swiggy,2026-10-07,7,False
443,C1016,537.29,Chennai,2026-10-03 18:35:48.863058,Walmart,2026-10-03,18,False
444,C1007,7142.19,Mumbai,2026-10-06 02:20:48.863062,Apple,2026-10-06,2,False
445,C1090,7121.27,Chennai,2026-10-04 14:35:48.863070,Walmart,2026-10-04,14,False
446,C1089,3583.18,Chennai,2026-10-06 11:29:48.863075,Swiggy,2026-10-06,11,False
447,C1086,4799.65,Chennai,2026-10-03 21:37:48.863079,Apple,2026-10-03,21,False
448,C1066,6024.31,London,2026-10-04 00:20:48.863084,Myntra,2026-10-04,0,False
449,C1087,2618.13,Chennai,2026-10-02 09:20:48.863088,Uber,2026-10-02,9,False
450,C1018,3837.47,Mumbai,2026-10-04 08:03:48.863093,Amazon,2026-10-04,8,False
451,C1012,927.1,Delhi,2026-10-04 14:19:48.863097,Apple,2026-10-04,14,False
452,C1088,2767.37,Mumbai,2026-10-07 14:05:48.863102,Zomato,2026-10-07,14,False
453,C1097,7024.92,Chennai,2026-10-03 11:15:48.863107,Walmart,2026-10-03,11,False
454,C1087,8799.33,Chennai,2026-10-06 21:52:48.863111,Walmart,2026-10-06,21,False
455,C1059,8346.99,Chennai,2026-10-02 14:20:48.863116,Amazon,2026-10-02,14,False
456,C1067,3416.04,Delhi,2026-10-07 21:58:48.863121,Myntra,2026-10-07,21,False
457,C1035,8935.24,Hyderabad,2026-10-02 03:37:48.863125,Apple,2026-10-02,3,False
458,C1075,9558.31,Pune,2026-10-06 04:27:48.863156,Apple,2026-10-06,4,False
459,C1048,7022.42,Bangalore,2026-10-02 08:31:48.863161,Uber,2026-10-02,8,False
460,C1083,4258.58,Mumbai,2026-10-07 12:00:48.863166,Apple,2026-10-07,12,False
461,C1067,5094.61,Bangalore,2026-10-03 05:02:48.863170,Uber,2026-10-03,5,False
462,C1081,4591.99,Hyderabad,2026-10-07 17:19:48.863175,Walmart,2026-10-07,17,False
463,C1033,4277.72,Mumbai,2026-10-03 15:49:48.863179,Flipkart,2026-10-03,15,False
464,C1056,3950.83,Hyderabad,2026-10-01 11:24:48.863184,Apple,2026-10-01,11,False
465,C1041,9327.78,Mumbai,2026-10-01 00:19:48.863190,Amazon,2026-10-01,0,False
466,C1072,5901.05,London,2026-10-02 05:34:48.863194,Swiggy,2026-10-02,5,False
467,C1015,9067.24,New York,2026-10-04 06:05:48.863199,Flipkart,2026-10-04,6,False
468,C1032,6584.97,Hyderabad,2026-10-03 17:02:48.863203,Swiggy,2026-10-03,17,False
469,C1057,1410.65,Delhi,2026-10-01 04:38:48.863208,Swiggy,2026-10-01,4,False
470,C1060,9622.87,New York,2026-10-04 02:01:48.863212,Amazon,2026-10-04,2,False
471,C1036,3136.18,Delhi,2026-10-04 07:19:48.863217,Flipkart,2026-10-04,7,False
472,C1009,5729.48,New York,2026-10-01 22:23:48.863223,Myntra,2026-10-01,22,False
473,C1065,7421.54,Pune,2026-10-02 21:51:48.863229,Flipkart,2026-10-02,21,False
474,C1028,5597.03,New York,2026-10-05 20:09:48.863234,Amazon,2026-10-05,20,False
475,C1038,2732.05,Chennai,2026-10-02 04:08:48.863239,Uber,2026-10-02,4,False
476,C1039,239.73,Pune,2026-10-04 20:45:48.863243,Zomato,2026-10-04,20,False
477,C1000,7427.56,Pune,2026-10-04 06:30:48.863248,Amazon,2026-10-04,6,False
478,C1001,9267.61,Pune,2026-10-07 20:00:48.863253,Uber,2026-10-07,20,False
479,C1044,3491.51,Mumbai,2026-10-03 12:05:48.863258,Zomato,2026-10-03,12,False
480,C1053,4729.12,New York,2026-10-07 11:24:48.863262,Apple,2026-10-07,11,False
481,C1074,3902.33,Mumbai,2026-10-03 05:04:48.863267,Walmart,2026-10-03,5,False
482,C1010,2955.0,Hyderabad,2026-10-02 17:06:48.863271,Uber,2026-10-02,17,False
483,C1066,895.79,Mumbai,2026-10-01 21:43:48.863276,Amazon,2026-10-01,21,False
484,C1012,1812.11,Bangalore,2026-10-01 12:50:48.863282,Apple,2026-10-01,12,False
485,C1043,9680.9,London,2026-10-07 22:54:48.863287,Myntra,2026-10-07,22,False
486,C1056,9146.6,London,2026-10-02 19:27:48.863292,Apple,2026-10-02,19,False
487,C1071,4559.66,London,2026-10-02 03:31:48.863296,Amazon,2026-10-02,3,False
488,C1056,8545.24,Chennai,2026-10-01 22:52:48.863301,Apple,2026-10-01,22,False
489,C1042,5106.77,Hyderabad,2026-10-04 23:30:48.863306,Walmart,2026-10-04,23,False
490,C1002,5844.13,London,2026-10-04 07:07:48.863310,Zomato,2026-10-04,7,False
491,C1090,9229.07,London,2026-10-06 15:42:48.863315,Swiggy,2026-10-06,15,False
492,C1014,899.79,London,2026-10-06 17:08:48.863322,Amazon,2026-10-06,17,False
493,C1037,2516.99,Bangalore,2026-10-05 02:29:48.863327,Amazon,2026-10-05,2,False
494,C1070,5948.47,Mumbai,2026-10-03 05:51:48.863332,Uber,2026-10-03,5,False
495,C1076,1294.89,Pune,2026-10-06 05:59:48.863336,Zomato,2026-10-06,5,False
496,C1055,1591.71,Mumbai,2026-10-03 02:28:48.863341,Swiggy,2026-10-03,2,False
497,C1099,6873.86,New York,2026-10-01 04:50:48.863345,Zomato,2026-10-01,4,False
498,C1100,4647.86,Pune,2026-10-06 20:38:48.863349,Apple,2026-10-06,20,False
499,C1073,5495.46,Bangalore,2026-10-01 16:54:48.863354,Amazon,2026-10-01,16,False
500,C1029,1831.49,London,2026-10-07 00:35:48.863358,Amazon,2026-10-07,0,False
501,C1053,1476.79,Hyderabad,2026-10-02 08:07:48.863363,Myntra,2026-10-02,8,False
502,C1100,8566.26,Delhi,2026-10-03 21:54:48.863367,Zomato,2026-10-03,21,False
503,C1053,9965.44,Delhi,2026-10-06 20:14:48.863372,Myntra,2026-10-06,20,False
504,C1065,2885.24,Pune,2026-10-06 16:20:48.863379,Apple,2026-10-06,16,False
505,C1060,3525.28,Chennai,2026-10-04 09:00:48.863384,Swiggy,2026-10-04,9,False
506,C1027,7640.27,Pune,2026-10-05 07:03:48.863388,Apple,2026-10-05,7,False
507,C1024,7831.76,London,2026-10-06 23:27:48.863393,Swiggy,2026-10-06,23,False
508,C1029,1189.15,Delhi,2026-10-07 09:51:48.863398,Myntra,2026-10-07,9,False
509,C1063,7376.37,Mumbai,2026-10-02 07:12:48.863404,Amazon,2026-10-02,7,False
510,C1012,7010.35,Delhi,2026-10-03 15:03:48.863409,Myntra,2026-10-03,15,False
511,C1100,4592.57,Pune,2026-10-01 15:17:48.863414,Uber,2026-10-01,15,False
512,C1036,4327.28,Delhi,2026-10-05 02:40:48.863418,Uber,2026-10-05,2,False
513,C1048,1371.0,Hyderabad,2026-10-02 04:58:48.863423,Myntra,2026-10-02,4,False
514,C1021,3596.67,Pune,2026-10-04 03:27:48.863427,Flipkart,2026-10-04,3,False
515,C1003,2098.46,New York,2026-10-07 00:01:48.863431,Flipkart,2026-10-07,0,False
516,C1078,5760.04,Bangalore,2026-10-06 06:34:48.863436,Swiggy,2026-10-06,6,False
517,C1011,557.51,Pune,2026-10-06 19:17:48.863441,Uber,2026-10-06,19,False
518,C1026,8996.06,Hyderabad,2026-10-06 23:48:48.863445,Flipkart,2026-10-06,23,False
519,C1046,9133.08,Bangalore,2026-10-03 13:40:48.863450,Flipkart,2026-10-03,13,False
520,C1079,7254.19,Mumbai,2026-10-03 23:58:48.863454,Amazon,2026-10-03,23,False
521,C1023,4560.43,Bangalore,2026-10-07 07:15:48.863459,Myntra,2026-10-07,7,False
522,C1031,6663.08,London,2026-10-04 11:33:48.863466,Amazon,2026-10-04,11,False
523,C1046,7378.9,Chennai,2026-10-06 22:34:48.863473,Flipkart,2026-10-06,22,False
524,C1085,3604.72,New York,2026-10-06 23:52:48.863479,Myntra,2026-10-06,23,False
525,C1024,7430.95,New York,2026-10-03 14:57:48.863484,Swiggy,2026-10-03,14,False
526,C1100,7921.29,London,2026-10-01 04:44:48.863489,Myntra,2026-10-01,4,False
527,C1056,9969.37,Hyderabad,2026-10-03 10:16:48.863493,Uber,2026-10-03,10,False
528,C1049,1978.32,Mumbai,2026-10-04 20:10:48.863498,Swiggy,2026-10-04,20,False
529,C1041,6928.8,Chennai,2026-10-01 00:11:48.863502,Myntra,2026-10-01,0,False
530,C1062,720.42,Pune,2026-10-04 20:13:48.863507,Myntra,2026-10-04,20,False
531,C1051,1645.01,Chennai,2026-10-05 22:24:48.863511,Myntra,2026-10-05,22,False
532,C1032,8800.82,Bangalore,2026-10-05 16:03:48.863515,Flipkart,2026-10-05,16,False
533,C1086,7036.23,Chennai,2026-10-01 17:15:48.863520,Myntra,2026-10-01,17,False
534,C1055,3996.08,Pune,2026-10-05 01:46:48.863525,Zomato,2026-10-05,1,False
535,C1089,5918.38,Mumbai,2026-10-07 17:28:48.863529,Walmart,2026-10-07,17,False
536,C1051,9866.55,Chennai,2026-10-04 19:03:48.863535,Zomato,2026-10-04,19,False
537,C1078,5002.46,Bangalore,2026-10-02 03:34:48.863540,Uber,2026-10-02,3,False
538,C1091,3458.19,Mumbai,2026-10-06 17:26:48.863544,Myntra,2026-10-06,17,False
539,C1089,9690.93,Pune,2026-10-02 17:06:48.863549,Zomato,2026-10-02,17,False
540,C1050,4774.7,Pune,2026-10-03 11:54:48.863554,Amazon,2026-10-03,11,False
541,C1072,4661.16,Chennai,2026-10-01 13:49:48.863558,Swiggy,2026-10-01,13,False
542,C1062,8558.15,Delhi,2026-10-06 17:34:48.863562,Amazon,2026-10-06,17,False
543,C1091,2445.52,Delhi,2026-10-04 09:42:48.863569,Swiggy,2026-10-04,9,False
544,C1033,5731.92,Mumbai,2026-10-04 18:49:48.863573,Walmart,2026-10-04,18,False
545,C1081,8868.99,Pune,2026-10-07 00:40:48.863578,Uber,2026-10-07,0,False
546,C1079,8642.43,Mumbai,2026-10-07 06:14:48.863582,Amazon,2026-10-07,6,False
547,C1092,147.12,Hyderabad,2026-10-04 17:36:48.863587,Flipkart,2026-10-04,17,False
548,C1065,8471.69,Pune,2026-10-06 19:03:48.863591,Zomato,2026-10-06,19,False
549,C1079,1438.18,Delhi,2026-10-02 13:03:48.863595,Swiggy,2026-10-02,13,False
550,C1100,1802.59,Hyderabad,2026-10-06 09:41:48.863600,Uber,2026-10-06,9,False
551,C1006,6489.1,Hyderabad,2026-10-05 19:59:48.863604,Uber,2026-10-05,19,False
552,C1073,8430.09,Chennai,2026-10-01 22:33:48.863609,Walmart,2026-10-01,22,False
553,C1064,8548.84,London,2026-10-02 17:20:48.863613,Swiggy,2026-10-02,17,False
554,C1040,8580.18,Hyderabad,2026-10-02 01:24:48.863617,Uber,2026-10-02,1,False
555,C1072,817.46,Delhi,2026-10-01 04:06:48.863622,Swiggy,2026-10-01,4,False
556,C1096,1253.96,London,2026-10-06 20:05:48.863627,Zomato,2026-10-06,20,False
557,C1058,2963.45,Mumbai,2026-10-02 09:47:48.863631,Walmart,2026-10-02,9,False
558,C1079,6746.97,Delhi,2026-10-02 11:00:48.863635,Zomato,2026-10-02,11,False
559,C1001,4315.29,Pune,2026-10-02 12:49:48.863640,Myntra,2026-10-02,12,False
560,C1043,508.46,Pune,2026-10-03 16:24:48.863644,Swiggy,2026-10-03,16,False
561,C1099,5723.89,Mumbai,2026-10-03 07:13:48.863648,Walmart,2026-10-03,7,False
562,C1074,3260.97,Chennai,2026-10-01 13:00:48.863655,Flipkart,2026-10-01,13,False
563,C1078,5607.04,Pune,2026-10-07 07:56:48.863659,Uber,2026-10-07,7,False
564,C1050,232.83,London,2026-10-06 22:57:48.863664,Uber,2026-10-06,22,False
565,C1060,6271.83,Bangalore,2026-10-04 00:52:48.863668,Amazon,2026-10-04,0,False
566,C1045,4610.03,Mumbai,2026-10-04 03:51:48.863673,Apple,2026-10-04,3,False
567,C1040,3472.78,Delhi,2026-10-07 23:38:48.863677,Flipkart,2026-10-07,23,False
568,C1061,4994.98,Pune,2026-10-02 18:56:48.863682,Apple,2026-10-02,18,False
569,C1007,3282.79,Delhi,2026-10-05 13:58:48.863687,Amazon,2026-10-05,13,False
570,C1042,4028.81,Chennai,2026-10-07 02:09:48.863692,Uber,2026-10-07,2,False
571,C1015,8464.36,Delhi,2026-10-02 16:20:48.863696,Apple,2026-10-02,16,False
572,C1034,4088.93,London,2026-10-07 21:28:48.863703,Amazon,2026-10-07,21,False
573,C1064,8637.28,New York,2026-10-07 18:46:48.863707,Amazon,2026-10-07,18,False
574,C1097,1295.94,Bangalore,2026-10-05 06:22:48.863712,Swiggy,2026-10-05,6,False
575,C1100,7111.18,New York,2026-10-01 14:58:48.863718,Myntra,2026-10-01,14,False
576,C1059,202.15,Delhi,2026-10-05 07:53:48.863725,Zomato,2026-10-05,7,False
577,C1000,138.14,Delhi,2026-10-01 05:10:48.863729,Apple,2026-10-01,5,False
578,C1053,7614.26,Pune,2026-10-01 05:08:48.863734,Swiggy,2026-10-01,5,False
579,C1090,4119.12,New York,2026-10-02 11:51:48.863739,Walmart,2026-10-02,11,False
580,C1011,8677.65,Hyderabad,2026-10-02 12:09:48.863744,Uber,2026-10-02,12,False
581,C1015,1279.09,Mumbai,2026-10-03 12:29:48.863748,Myntra,2026-10-03,12,False
582,C1071,7403.76,Delhi,2026-10-07 22:51:48.863754,Swiggy,2026-10-07,22,False
583,C1049,7636.42,New York,2026-10-03 06:59:48.863759,Flipkart,2026-10-03,6,False
584,C1076,8430.79,Hyderabad,2026-10-02 23:33:48.863764,Flipkart,2026-10-02,23,False
585,C1040,816.63,Hyderabad,2026-10-01 09:34:48.863768,Swiggy,2026-10-01,9,False
586,C1009,7250.37,New York,2026-10-04 08:08:48.863773,Walmart,2026-10-04,8,False
587,C1031,8320.76,Pune,2026-10-04 23:10:48.863777,Apple,2026-10-04,23,False
588,C1081,9147.69,Delhi,2026-10-03 08:09:48.863782,Swiggy,2026-10-03,8,False
589,C1071,1244.22,Pune,2026-10-02 09:37:48.863787,Uber,2026-10-02,9,False
590,C1035,6058.06,London,2026-10-05 05:56:48.863791,Amazon,2026-10-05,5,False
591,C1097,2836.3,London,2026-10-06 23:34:48.863796,Apple,2026-10-06,23,False
592,C1068,6220.55,Mumbai,2026-10-06 05:36:48.863800,Apple,2026-10-06,5,False
593,C1067,5820.03,Pune,2026-10-04 11:38:48.863805,Flipkart,2026-10-04,11,False
594,C1084,3075.07,Bangalore,2026-10-02 07:46:48.863810,Myntra,2026-10-02,7,False
595,C1062,2341.62,Bangalore,2026-10-05 13:59:48.863815,Walmart,2026-10-05,13,False
596,C1010,8140.28,Mumbai,2026-10-06 03:44:48.863819,Walmart,2026-10-06,3,False
597,C1069,6093.18,Delhi,2026-10-03 18:40:48.863823,Flipkart,2026-10-03,18,False
598,C1097,9330.36,Delhi,2026-10-02 18:26:48.863828,Walmart,2026-10-02,18,False
599,C1011,9810.61,New York,2026-10-02 03:52:48.863832,Swiggy,2026-10-02,3,False
600,C1057,2340.75,Pune,2026-10-02 22:07:48.863839,Flipkart,2026-10-02,22,False
601,C1017,1223.22,Bangalore,2026-10-05 09:49:48.863845,Myntra,2026-10-05,9,False
602,C1070,7394.68,Bangalore,2026-10-04 11:50:48.863850,Walmart,2026-10-04,11,False
603,C1025,1179.7,Chennai,2026-10-05 09:01:48.863854,Apple,2026-10-05,9,False
604,C1004,4112.52,Bangalore,2026-10-01 19:20:48.863859,Myntra,2026-10-01,19,False
605,C1031,1206.61,Delhi,2026-10-04 21:21:48.863864,Amazon,2026-10-04,21,False
606,C1021,4068.19,Pune,2026-10-03 14:12:48.863868,Walmart,2026-10-03,14,False
607,C1005,3973.82,Bangalore,2026-10-04 00:50:48.863873,Flipkart,2026-10-04,0,False
608,C1056,2665.63,Mumbai,2026-10-01 09:43:48.863877,Swiggy,2026-10-01,9,False
609,C1000,6703.13,Delhi,2026-10-05 05:36:48.863882,Apple,2026-10-05,5,False
610,C1046,9573.38,London,2026-10-04 02:03:48.863886,Amazon,2026-10-04,2,False
611,C1002,9747.25,London,2026-10-03 09:17:48.863891,Flipkart,2026-10-03,9,False
612,C1071,232.23,Hyderabad,2026-10-03 01:03:48.863895,Flipkart,2026-10-03,1,False
613,C1099,8251.9,Bangalore,2026-10-02 08:33:48.863900,Walmart,2026-10-02,8,False
614,C1012,6502.41,New York,2026-10-01 21:49:48.863904,Swiggy,2026-10-01,21,False
615,C1006,6644.59,Chennai,2026-10-01 17:07:48.863909,Amazon,2026-10-01,17,False
616,C1058,6727.97,Hyderabad,2026-10-07 06:44:48.863914,Myntra,2026-10-07,6,False
617,C1024,2897.02,Pune,2026-10-05 05:43:48.863918,Flipkart,2026-10-05,5,False
618,C1087,935.48,New York,2026-10-03 03:15:48.863923,Walmart,2026-10-03,3,False
619,C1100,1898.86,Hyderabad,2026-10-06 02:23:48.863927,Zomato,2026-10-06,2,False
620,C1013,7513.4,Hyderabad,2026-10-03 17:11:48.863931,Uber,2026-10-03,17,False
621,C1085,3560.82,Pune,2026-10-06 20:13:48.863938,Zomato,2026-10-06,20,False
622,C1021,8752.29,London,2026-10-02 12:39:48.863942,Zomato,2026-10-02,12,False
623,C1043,7191.46,Mumbai,2026-10-07 19:18:48.863948,Myntra,2026-10-07,19,False
624,C1043,3029.1,London,2026-10-01 03:52:48.863952,Amazon,2026-10-01,3,False
625,C1091,6676.01,Hyderabad,2026-10-05 22:45:48.863956,Amazon,2026-10-05,22,False
626,C1016,3489.79,Pune,2026-10-02 13:01:48.863963,Swiggy,2026-10-02,13,False
627,C1097,6991.47,Pune,2026-10-04 02:14:48.863974,Amazon,2026-10-04,2,False
628,C1073,4015.63,Chennai,2026-10-03 20:01:48.863981,Zomato,2026-10-03,20,False
629,C1049,4922.61,London,2026-10-01 07:26:48.863988,Amazon,2026-10-01,7,False
630,C1087,5912.32,New York,2026-10-07 17:41:48.863995,Apple,2026-10-07,17,False
631,C1097,5204.72,Hyderabad,2026-10-05 04:39:48.864002,Uber,2026-10-05,4,False
632,C1079,101.16,New York,2026-10-01 10:26:48.864009,Amazon,2026-10-01,10,False
633,C1024,4070.45,Bangalore,2026-10-01 12:28:48.864016,Uber,2026-10-01,12,False
634,C1082,1992.91,Hyderabad,2026-10-01 05:51:48.864023,Uber,2026-10-01,5,False
635,C1061,2533.48,Bangalore,2026-10-05 19:01:48.864030,Myntra,2026-10-05,19,False
636,C1032,960.85,Delhi,2026-10-06 19:38:48.864039,Swiggy,2026-10-06,19,False
637,C1002,9827.14,Pune,2026-10-03 15:32:48.864046,Amazon,2026-10-03,15,False
638,C1010,5189.88,London,2026-10-06 12:43:48.864053,Swiggy,2026-10-06,12,False
639,C1002,848.03,Pune,2026-10-04 06:35:48.864060,Myntra,2026-10-04,6,False
640,C1064,5595.78,Hyderabad,2026-10-04 21:05:48.864070,Uber,2026-10-04,21,False
641,C1071,3940.26,New York,2026-10-07 05:51:48.864077,Swiggy,2026-10-07,5,False
642,C1019,772.17,London,2026-10-05 15:47:48.864084,Apple,2026-10-05,15,False
643,C1094,8023.52,London,2026-10-03 14:24:48.864092,Amazon,2026-10-03,14,False
644,C1018,8574.44,Mumbai,2026-10-07 09:39:48.864100,Walmart,2026-10-07,9,False
645,C1034,8095.92,Bangalore,2026-10-05 10:02:48.864108,Flipkart,2026-10-05,10,False
646,C1059,8327.45,Mumbai,2026-10-02 11:40:48.864116,Walmart,2026-10-02,11,False
647,C1086,8521.18,Chennai,2026-10-01 20:09:48.864125,Amazon,2026-10-01,20,False
648,C1087,1626.05,Pune,2026-10-06 12:46:48.864133,Flipkart,2026-10-06,12,False
649,C1098,2994.22,Hyderabad,2026-10-04 02:00:48.864141,Flipkart,2026-10-04,2,False
650,C1069,4149.79,New York,2026-10-04 18:31:48.864150,Flipkart,2026-10-04,18,False
651,C1019,9018.94,Pune,2026-10-07 13:04:48.864158,Walmart,2026-10-07,13,False
652,C1087,9756.96,New York,2026-10-07 18:45:48.864167,Myntra,2026-10-07,18,False
653,C1009,1102.32,Chennai,2026-10-07 06:15:48.864175,Walmart,2026-10-07,6,False
654,C1092,3985.45,Pune,2026-10-05 06:58:48.864183,Zomato,2026-10-05,6,False
655,C1005,3097.32,London,2026-10-01 11:09:48.864192,Apple,2026-10-01,11,False
656,C1057,6067.79,London,2026-10-01 19:32:48.864200,Amazon,2026-10-01,19,False
657,C1025,7382.28,London,2026-10-07 04:31:48.864208,Amazon,2026-10-07,4,False
658,C1070,8615.84,Bangalore,2026-10-06 20:37:48.864217,Apple,2026-10-06,20,False
659,C1007,4639.55,London,2026-10-07 23:39:48.864225,Walmart,2026-10-07,23,False
660,C1099,1397.98,Delhi,2026-10-05 09:30:48.864236,Swiggy,2026-10-05,9,False
661,C1042,1560.49,Mumbai,2026-10-01 00:26:48.864246,Uber,2026-10-01,0,False
662,C1091,5443.51,Chennai,2026-10-02 12:08:48.864255,Amazon,2026-10-02,12,False
663,C1050,1574.89,Delhi,2026-10-01 11:34:48.864264,Zomato,2026-10-01,11,False
664,C1012,4855.22,Chennai,2026-10-05 12:54:48.864274,Uber,2026-10-05,12,False
665,C1087,467.29,Hyderabad,2026-10-04 09:15:48.864284,Apple,2026-10-04,9,False
666,C1002,5713.76,Pune,2026-10-03 07:11:48.864293,Amazon,2026-10-03,7,False
667,C1017,5000.25,Mumbai,2026-10-03 17:01:48.864301,Myntra,2026-10-03,17,False
668,C1093,758.34,Chennai,2026-10-04 05:48:48.864310,Amazon,2026-10-04,5,False
669,C1094,5463.02,Bangalore,2026-10-04 11:15:48.864318,Swiggy,2026-10-04,11,False
670,C1030,998.53,Hyderabad,2026-10-05 14:53:48.864326,Flipkart,2026-10-05,14,False
671,C1038,150.78,New York,2026-10-04 15:42:48.864334,Apple,2026-10-04,15,False
672,C1081,6482.05,Mumbai,2026-10-04 17:10:48.864342,Flipkart,2026-10-04,17,False
673,C1098,9110.41,New York,2026-10-02 15:15:48.864351,Myntra,2026-10-02,15,False
674,C1014,2576.24,Delhi,2026-10-01 17:48:48.864360,Zomato,2026-10-01,17,False
675,C1086,6467.73,Mumbai,2026-10-07 03:46:48.864369,Amazon,2026-10-07,3,False
676,C1025,2482.66,Chennai,2026-10-07 23:05:48.864377,Apple,2026-10-07,23,False
677,C1007,9480.99,Mumbai,2026-10-01 01:08:48.864388,Zomato,2026-10-01,1,False
678,C1082,5577.28,Pune,2026-10-05 09:42:48.864396,Zomato,2026-10-05,9,False
679,C1044,948.98,London,2026-10-05 23:24:48.864406,Zomato,2026-10-05,23,False
680,C1017,3454.77,Chennai,2026-10-01 19:42:48.864415,Walmart,2026-10-01,19,False
681,C1059,9774.57,Delhi,2026-10-01 11:33:48.864423,Amazon,2026-10-01,11,False
682,C1077,2944.72,London,2026-10-04 10:25:48.864431,Myntra,2026-10-04,10,False
683,C1092,309.74,Chennai,2026-10-04 16:42:48.864440,Zomato,2026-10-04,16,False
684,C1019,2450.81,Mumbai,2026-10-06 14:19:48.864448,Uber,2026-10-06,14,False
685,C1052,7677.22,London,2026-10-05 04:25:48.864456,Flipkart,2026-10-05,4,False
686,C1051,1009.19,Bangalore,2026-10-07 05:27:48.864464,Uber,2026-10-07,5,False
687,C1005,3441.94,Delhi,2026-10-07 14:57:48.864472,Swiggy,2026-10-07,14,False
688,C1018,588.51,Bangalore,2026-10-01 13:09:48.864480,Walmart,2026-10-01,13,False
689,C1082,6481.33,Mumbai,2026-10-03 23:36:48.864488,Zomato,2026-10-03,23,False
690,C1004,5897.24,London,2026-10-04 08:10:48.864498,Swiggy,2026-10-04,8,False
691,C1061,3113.9,Chennai,2026-10-05 02:46:48.864506,Apple,2026-10-05,2,False
692,C1096,5706.38,London,2026-10-02 14:47:48.864514,Zomato,2026-10-02,14,False
693,C1026,8311.31,Bangalore,2026-10-01 09:18:48.864532,Flipkart,2026-10-01,9,False
694,C1065,1110.21,Pune,2026-10-02 11:39:48.864543,Zomato,2026-10-02,11,False
695,C1003,9852.61,London,2026-10-06 13:49:48.864551,Apple,2026-10-06,13,False
696,C1064,5942.0,Mumbai,2026-10-05 01:14:48.864560,Myntra,2026-10-05,1,False
697,C1093,8606.02,New York,2026-10-05 11:36:48.864568,Apple,2026-10-05,11,False
698,C1007,1496.28,New York,2026-10-04 15:23:48.864576,Zomato,2026-10-04,15,False
699,C1043,8025.79,New York,2026-10-01 10:55:48.864587,Apple,2026-10-01,10,False
700,C1015,2810.34,Hyderabad,2026-10-03 12:51:48.864597,Myntra,2026-10-03,12,False
701,C1012,3287.43,Pune,2026-10-01 01:02:48.864605,Swiggy,2026-10-01,1,False
702,C1032,5767.81,Delhi,2026-10-01 04:57:48.864613,Flipkart,2026-10-01,4,False
703,C1071,4566.33,Bangalore,2026-10-07 15:51:48.864621,Swiggy,2026-10-07,15,False
704,C1025,548.48,Bangalore,2026-10-04 22:35:48.864628,Uber,2026-10-04,22,False
705,C1078,5180.38,Pune,2026-10-01 14:05:48.864635,Myntra,2026-10-01,14,False
706,C1012,8302.88,Hyderabad,2026-10-02 02:30:48.864640,Zomato,2026-10-02,2,False
707,C1083,4878.08,New York,2026-10-02 07:00:48.864645,Amazon,2026-10-02,7,False
708,C1040,3258.2,Chennai,2026-10-01 07:21:48.864649,Walmart,2026-10-01,7,False
709,C1053,2729.35,Pune,2026-10-05 23:22:48.864654,Myntra,2026-10-05,23,False
710,C1039,1589.82,Chennai,2026-10-01 06:56:48.864658,Amazon,2026-10-01,6,False
711,C1005,2400.3,Delhi,2026-10-05 08:39:48.864663,Swiggy,2026-10-05,8,False
712,C1057,7615.58,Mumbai,2026-10-02 13:36:48.864667,Swiggy,2026-10-02,13,False
713,C1051,4062.66,London,2026-10-03 07:40:48.864672,Swiggy,2026-10-03,7,False
714,C1021,3848.84,Mumbai,2026-10-02 00:54:48.864676,Uber,2026-10-02,0,False
715,C1090,7365.95,Hyderabad,2026-10-01 23:59:48.864681,Swiggy,2026-10-01,23,False
716,C1012,522.23,Delhi,2026-10-06 11:03:48.864686,Walmart,2026-10-06,11,False
717,C1077,3226.79,Chennai,2026-10-07 08:58:48.864690,Zomato,2026-10-07,8,False
718,C1058,6201.24,New York,2026-10-02 12:49:48.864697,Walmart,2026-10-02,12,False
719,C1025,8012.92,New York,2026-10-07 21:12:48.864701,Flipkart,2026-10-07,21,False
720,C1020,1536.8,Delhi,2026-10-04 04:33:48.864706,Zomato,2026-10-04,4,False
721,C1088,9431.24,Chennai,2026-10-06 07:16:48.864710,Zomato,2026-10-06,7,False
722,C1005,6669.17,Bangalore,2026-10-06 21:07:48.864715,Amazon,2026-10-06,21,False
723,C1032,1396.1,Delhi,2026-10-01 17:16:48.864719,Walmart,2026-10-01,17,False
724,C1038,4892.54,Delhi,2026-10-04 05:59:48.864724,Apple,2026-10-04,5,False
725,C1034,7080.3,New York,2026-10-02 06:31:48.864728,Swiggy,2026-10-02,6,False
726,C1016,9294.64,Chennai,2026-10-04 17:30:48.864733,Flipkart,2026-10-04,17,False
727,C1011,2882.6,Hyderabad,2026-10-01 04:56:48.864739,Walmart,2026-10-01,4,False
728,C1080,1643.13,Mumbai,2026-09-30 23:58:48.864745,Myntra,2026-09-30,23,False
729,C1086,5264.39,Chennai,2026-10-03 02:01:48.864749,Swiggy,2026-10-03,2,False
730,C1004,1757.51,Hyderabad,2026-10-04 23:23:48.864754,Swiggy,2026-10-04,23,False
731,C1009,1085.59,Bangalore,2026-10-07 06:41:48.864759,Swiggy,2026-10-07,6,False
732,C1064,5018.93,London,2026-10-05 08:00:48.864763,Zomato,2026-10-05,8,False
733,C1013,8683.45,Hyderabad,2026-10-05 18:28:48.864767,Amazon,2026-10-05,18,False
734,C1054,7620.12,Pune,2026-10-03 18:12:48.864772,Myntra,2026-10-03,18,False
735,C1075,5854.56,London,2026-10-07 20:14:48.864776,Walmart,2026-10-07,20,False
736,C1073,3199.72,London,2026-10-03 12:40:48.864781,Apple,2026-10-03,12,False
737,C1064,4503.13,Hyderabad,2026-10-03 01:44:48.864785,Swiggy,2026-10-03,1,False
738,C1080,9562.84,Mumbai,2026-10-02 14:47:48.864791,Zomato,2026-10-02,14,False
739,C1093,4907.58,Bangalore,2026-10-02 01:47:48.864796,Amazon,2026-10-02,1,False
740,C1069,3980.23,Chennai,2026-10-01 02:40:48.864800,Swiggy,2026-10-01,2,False
741,C1077,8230.6,Hyderabad,2026-10-04 14:41:48.864804,Apple,2026-10-04,14,False
742,C1026,1354.66,Pune,2026-10-04 14:14:48.864808,Amazon,2026-10-04,14,False
743,C1004,9731.18,Bangalore,2026-10-05 19:05:48.864813,Apple,2026-10-05,19,False
744,C1075,9857.36,London,2026-10-03 04:41:48.864817,Zomato,2026-10-03,4,False
745,C1042,3137.55,Delhi,2026-10-01 05:25:48.864822,Uber,2026-10-01,5,False
746,C1022,1140.91,Chennai,2026-10-05 22:49:48.864828,Flipkart,2026-10-05,22,False
747,C1036,5630.51,Delhi,2026-10-04 23:50:48.864833,Myntra,2026-10-04,23,False
748,C1063,7387.92,Mumbai,2026-10-04 03:32:48.864837,Myntra,2026-10-04,3,False
749,C1096,4696.56,Delhi,2026-10-07 05:11:48.864842,Walmart,2026-10-07,5,False
750,C1091,235.77,New York,2026-10-07 22:31:48.864847,Walmart,2026-10-07,22,False
751,C1051,2988.81,London,2026-10-04 22:13:48.864851,Apple,2026-10-04,22,False
752,C1027,853.47,New York,2026-10-03 12:42:48.864856,Flipkart,2026-10-03,12,False
753,C1071,657.84,Chennai,2026-10-05 07:42:48.864860,Uber,2026-10-05,7,False
754,C1040,2939.42,Chennai,2026-10-02 11:19:48.864865,Flipkart,2026-10-02,11,False
755,C1070,6623.38,Bangalore,2026-10-06 23:12:48.864869,Zomato,2026-10-06,23,False
756,C1078,6065.87,Pune,2026-10-07 07:51:48.864873,Uber,2026-10-07,7,False
757,C1064,8396.56,Bangalore,2026-10-05 04:05:48.864880,Walmart,2026-10-05,4,False
758,C1057,209.4,Mumbai,2026-10-07 21:58:48.864885,Uber,2026-10-07,21,False
759,C1087,7411.04,Delhi,2026-10-05 06:23:48.864890,Myntra,2026-10-05,6,False
760,C1100,2067.41,Hyderabad,2026-10-02 09:21:48.864894,Zomato,2026-10-02,9,False
761,C1051,4866.19,Delhi,2026-10-03 17:02:48.864898,Myntra,2026-10-03,17,False
762,C1028,7327.73,London,2026-10-02 13:43:48.864903,Amazon,2026-10-02,13,False
763,C1061,8671.12,New York,2026-10-06 11:32:48.864908,Uber,2026-10-06,11,False
764,C1040,4475.64,Delhi,2026-10-02 15:08:48.864915,Apple,2026-10-02,15,False
765,C1013,5883.25,Mumbai,2026-10-04 02:19:48.864920,Uber,2026-10-04,2,False
766,C1031,9298.79,Mumbai,2026-10-02 15:46:48.864924,Uber,2026-10-02,15,False
767,C1020,4585.61,Bangalore,2026-10-05 10:10:48.864930,Zomato,2026-10-05,10,False
768,C1046,8802.64,Pune,2026-10-04 12:03:48.864934,Zomato,2026-10-04,12,False
769,C1063,6215.52,Hyderabad,2026-10-04 22:14:48.864939,Myntra,2026-10-04,22,False
770,C1031,7390.92,Hyderabad,2026-10-06 07:33:48.864944,Apple,2026-10-06,7,False
771,C1044,5115.72,Delhi,2026-10-04 20:43:48.864948,Walmart,2026-10-04,20,False
772,C1040,7457.97,Chennai,2026-10-04 01:53:48.864953,Walmart,2026-10-04,1,False
773,C1025,2774.96,Chennai,2026-10-07 04:52:48.864958,Zomato,2026-10-07,4,False
774,C1079,9670.93,Bangalore,2026-10-02 19:09:48.864962,Myntra,2026-10-02,19,False
775,C1034,3983.48,Mumbai,2026-10-07 20:45:48.864967,Apple,2026-10-07,20,False
776,C1023,8230.05,Pune,2026-10-05 12:20:48.864971,Flipkart,2026-10-05,12,False
777,C1039,4745.28,Hyderabad,2026-10-04 08:54:48.864977,Myntra,2026-10-04,8,False
778,C1030,3561.21,Mumbai,2026-10-05 07:53:48.864982,Uber,2026-10-05,7,False
779,C1004,7956.16,Bangalore,2026-10-04 11:50:48.864988,Myntra,2026-10-04,11,False
780,C1084,5622.19,Mumbai,2026-10-02 05:21:48.864993,Flipkart,2026-10-02,5,False
781,C1066,502.57,Hyderabad,2026-10-05 08:17:48.864998,Swiggy,2026-10-05,8,False
782,C1086,585.25,Pune,2026-10-03 03:36:48.865002,Swiggy,2026-10-03,3,False
783,C1053,1619.27,Bangalore,2026-10-06 19:37:48.865007,Amazon,2026-10-06,19,False
784,C1075,6793.62,Hyderabad,2026-10-05 22:39:48.865011,Apple,2026-10-05,22,False
785,C1018,6362.58,Chennai,2026-10-04 22:19:48.865016,Zomato,2026-10-04,22,False
786,C1022,638.4,Pune,2026-10-03 04:38:48.865020,Amazon,2026-10-03,4,False
787,C1080,372.52,New York,2026-10-07 00:12:48.865025,Amazon,2026-10-07,0,False
788,C1039,3456.65,Chennai,2026-10-02 14:10:48.865029,Uber,2026-10-02,14,False
789,C1016,6195.87,Pune,2026-10-04 18:04:48.865033,Amazon,2026-10-04,18,False
790,C1055,3752.53,Hyderabad,2026-10-05 21:32:48.865038,Swiggy,2026-10-05,21,False
791,C1032,2982.56,Delhi,2026-10-05 20:13:48.865044,Walmart,2026-10-05,20,False
792,C1000,246.61,Bangalore,2026-10-06 02:37:48.865048,Walmart,2026-10-06,2,False
793,C1083,113.1,Mumbai,2026-10-05 09:02:48.865053,Flipkart,2026-10-05,9,False
794,C1062,3812.78,Chennai,2026-10-04 22:35:48.865058,Uber,2026-10-04,22,False
795,C1009,6952.57,New York,2026-10-04 22:10:48.865062,Apple,2026-10-04,22,False
796,C1082,9239.9,Hyderabad,2026-10-03 12:37:48.865068,Amazon,2026-10-03,12,False
797,C1073,2329.45,London,2026-10-07 06:57:48.865073,Apple,2026-10-07,6,False
798,C1099,6684.64,New York,2026-10-06 17:22:48.865078,Myntra,2026-10-06,17,False
799,C1074,6641.59,Chennai,2026-10-03 10:10:48.865082,Apple,2026-10-03,10,False
800,C1075,7918.17,New York,2026-10-01 11:12:48.865087,Zomato,2026-10-01,11,False
801,C1082,1227.66,Hyderabad,2026-10-03 19:03:48.865091,Amazon,2026-10-03,19,False
802,C1065,143.35,London,2026-10-07 02:38:48.865096,Zomato,2026-10-07,2,False
803,C1030,6645.96,Pune,2026-10-03 09:37:48.865100,Swiggy,2026-10-03,9,False
804,C1015,1383.58,Bangalore,2026-10-07 11:51:48.865104,Myntra,2026-10-07,11,False
805,C1025,2922.61,New York,2026-10-05 01:28:48.865109,Amazon,2026-10-05,1,False
806,C1045,6722.88,Delhi,2026-10-07 00:57:48.865113,Myntra,2026-10-07,0,False
807,C1077,3352.76,Delhi,2026-10-03 13:15:48.865118,Flipkart,2026-10-03,13,False
808,C1050,4131.88,London,2026-10-07 17:11:48.865122,Zomato,2026-10-07,17,False
809,C1083,2511.24,Mumbai,2026-10-03 13:55:48.865126,Apple,2026-10-03,13,False
810,C1005,2170.91,Chennai,2026-10-04 01:27:48.865131,Uber,2026-10-04,1,False
811,C1090,9237.28,Chennai,2026-10-04 21:15:48.865135,Myntra,2026-10-04,21,False
812,C1024,8413.34,Hyderabad,2026-10-01 07:50:48.865140,Apple,2026-10-01,7,False
813,C1078,7895.83,Delhi,2026-10-04 03:00:48.865144,Swiggy,2026-10-04,3,False
814,C1021,1048.22,London,2026-10-04 22:33:48.865149,Amazon,2026-10-04,22,False
815,C1044,7154.07,Chennai,2026-10-05 22:10:48.865153,Flipkart,2026-10-05,22,False
816,C1077,1180.94,Bangalore,2026-10-01 00:52:48.865159,Myntra,2026-10-01,0,False
817,C1075,5672.59,Mumbai,2026-10-04 16:22:48.865164,Uber,2026-10-04,16,False
818,C1065,6991.27,Delhi,2026-10-01 09:45:48.865168,Swiggy,2026-10-01,9,False
819,C1060,7294.31,Mumbai,2026-10-06 18:09:48.865173,Walmart,2026-10-06,18,False
820,C1087,5963.2,Hyderabad,2026-10-07 21:31:48.865177,Amazon,2026-10-07,21,False
821,C1092,1403.55,Mumbai,2026-10-02 13:42:48.865182,Amazon,2026-10-02,13,False
822,C1067,3492.75,New York,2026-10-05 07:45:48.865186,Zomato,2026-10-05,7,False
823,C1080,8077.5,Delhi,2026-10-04 19:40:48.865190,Swiggy,2026-10-04,19,False
824,C1079,3456.69,Hyderabad,2026-10-05 13:19:48.865195,Myntra,2026-10-05,13,False
825,C1048,869.34,Delhi,2026-10-02 14:48:48.865200,Flipkart,2026-10-02,14,False
826,C1029,348.25,Pune,2026-10-06 00:33:48.865204,Apple,2026-10-06,0,False
827,C1074,9739.14,Hyderabad,2026-10-07 14:38:48.865210,Swiggy,2026-10-07,14,False
828,C1089,2662.23,Mumbai,2026-10-02 09:18:48.865215,Swiggy,2026-10-02,9,False
829,C1006,4094.59,New York,2026-10-05 03:24:48.865219,Walmart,2026-10-05,3,False
830,C1060,2405.33,Chennai,2026-10-07 06:40:48.865224,Walmart,2026-10-07,6,False
831,C1033,5331.28,Chennai,2026-10-04 09:56:48.865231,Swiggy,2026-10-04,9,False
832,C1045,6243.78,New York,2026-10-07 20:50:48.865237,Myntra,2026-10-07,20,False
833,C1058,6955.69,Pune,2026-10-05 16:11:48.865243,Zomato,2026-10-05,16,False
834,C1055,2146.65,Mumbai,2026-10-05 04:44:48.865248,Myntra,2026-10-05,4,False
835,C1004,5274.29,London,2026-10-07 16:07:48.865254,Apple,2026-10-07,16,False
836,C1056,4673.76,Delhi,2026-10-05 21:23:48.865259,Uber,2026-10-05,21,False
837,C1057,5342.54,Delhi,2026-10-04 18:40:48.865264,Myntra,2026-10-04,18,False
838,C1099,8755.63,Hyderabad,2026-10-06 09:21:48.865268,Flipkart,2026-10-06,9,False
839,C1049,8685.78,Chennai,2026-10-05 17:23:48.865273,Flipkart,2026-10-05,17,False
840,C1022,3646.95,Hyderabad,2026-10-04 06:21:48.865278,Uber,2026-10-04,6,False
841,C1095,4346.13,Chennai,2026-10-07 08:04:48.865283,Apple,2026-10-07,8,False
842,C1037,2442.53,New York,2026-10-03 23:02:48.865287,Myntra,2026-10-03,23,False
843,C1061,4624.7,Hyderabad,2026-10-06 14:11:48.865292,Apple,2026-10-06,14,False
844,C1007,5209.07,Hyderabad,2026-10-04 02:40:48.865297,Myntra,2026-10-04,2,False
845,C1041,3846.73,Hyderabad,2026-10-05 17:32:48.865301,Walmart,2026-10-05,17,False
846,C1007,3348.35,Delhi,2026-10-01 07:16:48.865306,Zomato,2026-10-01,7,False
847,C1055,2648.74,Mumbai,2026-10-01 07:08:48.865311,Uber,2026-10-01,7,False
848,C1023,8613.25,Bangalore,2026-10-06 20:55:48.865315,Walmart,2026-10-06,20,False
849,C1010,3987.18,Pune,2026-10-04 15:56:48.865320,Amazon,2026-10-04,15,False
850,C1053,2412.53,London,2026-10-07 19:09:48.865325,Uber,2026-10-07,19,False
851,C1053,2215.35,Chennai,2026-10-07 01:16:48.865329,Uber,2026-10-07,1,False
852,C1004,6241.01,London,2026-10-04 19:44:48.865334,Flipkart,2026-10-04,19,False
853,C1086,3541.6,London,2026-10-03 10:31:48.865338,Zomato,2026-10-03,10,False
854,C1028,4651.91,New York,2026-10-07 20:14:48.865343,Amazon,2026-10-07,20,False
855,C1079,3224.08,Delhi,2026-10-07 11:07:48.865349,Flipkart,2026-10-07,11,False
856,C1083,306.9,Bangalore,2026-10-01 15:40:48.865355,Amazon,2026-10-01,15,False
857,C1073,3613.41,Bangalore,2026-10-03 10:52:48.865360,Walmart,2026-10-03,10,False
858,C1015,6636.52,Bangalore,2026-10-07 13:24:48.865364,Flipkart,2026-10-07,13,False
859,C1068,5801.35,Hyderabad,2026-10-02 20:09:48.865369,Zomato,2026-10-02,20,False
860,C1040,1768.57,Delhi,2026-10-06 19:12:48.865373,Zomato,2026-10-06,19,False
861,C1016,5602.61,New York,2026-10-04 08:18:48.865378,Swiggy,2026-10-04,8,False
862,C1044,3054.4,Mumbai,2026-10-04 17:56:48.865383,Walmart,2026-10-04,17,False
863,C1016,5000.65,New York,2026-10-03 15:20:48.865387,Apple,2026-10-03,15,False
864,C1007,890.94,Pune,2026-10-03 06:39:48.865391,Apple,2026-10-03,6,False
865,C1057,7068.07,Mumbai,2026-10-05 15:27:48.865396,Myntra,2026-10-05,15,False
866,C1073,2632.13,Hyderabad,2026-10-03 22:12:48.865400,Uber,2026-10-03,22,False
867,C1083,2030.01,London,2026-10-03 08:56:48.865404,Zomato,2026-10-03,8,False
868,C1038,3207.7,London,2026-10-06 23:15:48.865409,Flipkart,2026-10-06,23,False
869,C1082,821.19,New York,2026-10-05 02:58:48.865413,Flipkart,2026-10-05,2,False
870,C1067,3305.74,Bangalore,2026-10-02 23:50:48.865418,Apple,2026-10-02,23,False
871,C1053,4636.16,Hyderabad,2026-10-04 15:49:48.865422,Walmart,2026-10-04,15,False
872,C1026,5530.19,Mumbai,2026-10-02 09:38:48.865427,Walmart,2026-10-02,9,False
873,C1061,6925.19,Bangalore,2026-10-01 16:57:48.865431,Myntra,2026-10-01,16,False
874,C1020,1873.67,Delhi,2026-10-01 10:51:48.865437,Myntra,2026-10-01,10,False
875,C1035,2652.44,Delhi,2026-10-06 23:22:48.865442,Swiggy,2026-10-06,23,False
876,C1085,8005.24,Mumbai,2026-10-07 03:16:48.865446,Uber,2026-10-07,3,False
877,C1005,6809.81,New York,2026-10-05 05:18:48.865451,Swiggy,2026-10-05,5,False
878,C1053,2302.01,Chennai,2026-10-03 03:21:48.865455,Zomato,2026-10-03,3,False
879,C1064,3047.81,New York,2026-10-01 15:56:48.865460,Swiggy,2026-10-01,15,False
880,C1092,6241.7,Delhi,2026-10-07 03:30:48.865464,Zomato,2026-10-07,3,False
881,C1063,8891.36,Delhi,2026-10-03 02:38:48.865471,Apple,2026-10-03,2,False
882,C1019,224.16,Hyderabad,2026-10-05 02:57:48.865476,Swiggy,2026-10-05,2,False
883,C1025,1021.46,New York,2026-10-01 04:26:48.865480,Walmart,2026-10-01,4,False
884,C1017,3693.98,Chennai,2026-10-07 02:14:48.865485,Apple,2026-10-07,2,False
885,C1027,5818.51,Bangalore,2026-10-05 02:55:48.865489,Amazon,2026-10-05,2,False
886,C1076,3722.3,Pune,2026-10-04 05:34:48.865494,Zomato,2026-10-04,5,False
887,C1041,3710.97,New York,2026-10-01 13:05:48.865498,Flipkart,2026-10-01,13,False
888,C1005,7980.42,Chennai,2026-10-02 07:28:48.865502,Amazon,2026-10-02,7,False
889,C1026,1667.16,London,2026-10-04 19:22:48.865507,Swiggy,2026-10-04,19,False
890,C1083,9773.86,London,2026-10-01 15:41:48.865511,Zomato,2026-10-01,15,False
891,C1018,6292.17,Delhi,2026-10-01 17:50:48.865518,Flipkart,2026-10-01,17,False
892,C1031,9870.47,Mumbai,2026-10-03 07:48:48.865522,Myntra,2026-10-03,7,False
893,C1001,9702.46,Bangalore,2026-10-07 13:07:48.865526,Zomato,2026-10-07,13,False
894,C1068,5307.8,Delhi,2026-10-05 20:26:48.865533,Amazon,2026-10-05,20,False
895,C1041,6715.96,Chennai,2026-10-03 01:54:48.865538,Apple,2026-10-03,1,False
896,C1090,7296.16,Pune,2026-10-05 16:11:48.865542,Walmart,2026-10-05,16,False
897,C1039,2776.62,Chennai,2026-10-03 18:58:48.865547,Myntra,2026-10-03,18,False
898,C1093,5684.43,Delhi,2026-10-06 01:25:48.865551,Apple,2026-10-06,1,False
899,C1064,4628.86,Bangalore,2026-10-03 21:22:48.865556,Swiggy,2026-10-03,21,False
900,C1092,9818.04,Pune,2026-10-03 05:39:48.865560,Amazon,2026-10-03,5,False
901,C1064,9353.4,Mumbai,2026-10-04 16:35:48.865565,Amazon,2026-10-04,16,False
902,C1039,9996.16,Chennai,2026-10-03 12:37:48.865569,Apple,2026-10-03,12,False
903,C1030,5204.44,Chennai,2026-10-02 21:42:48.865574,Uber,2026-10-02,21,False
904,C1013,4286.12,Delhi,2026-10-03 00:44:48.865579,Uber,2026-10-03,0,False
905,C1006,7646.95,London,2026-10-05 03:06:48.865583,Amazon,2026-10-05,3,False
906,C1024,968.2,Delhi,2026-10-02 22:00:48.865588,Flipkart,2026-10-02,22,False
907,C1095,9937.65,New York,2026-10-02 10:55:48.865592,Swiggy,2026-10-02,10,False
908,C1087,6677.55,Bangalore,2026-10-06 19:59:48.865596,Uber,2026-10-06,19,False
909,C1090,3944.08,Hyderabad,2026-10-01 12:54:48.865601,Apple,2026-10-01,12,False
910,C1064,7923.91,London,2026-10-04 10:47:48.865605,Swiggy,2026-10-04,10,False
911,C1079,5471.41,Pune,2026-10-07 12:40:48.865610,Myntra,2026-10-07,12,False
912,C1007,8518.41,New York,2026-10-07 10:55:48.865615,Flipkart,2026-10-07,10,False
913,C1082,4317.96,Mumbai,2026-10-07 18:54:48.865621,Walmart,2026-10-07,18,False
914,C1036,5091.98,London,2026-10-05 15:11:48.865626,Flipkart,2026-10-05,15,False
915,C1042,2726.53,London,2026-10-07 06:31:48.865631,Walmart,2026-10-07,6,False
916,C1058,4060.36,New York,2026-10-04 08:15:48.865637,Flipkart,2026-10-04,8,False
917,C1035,9644.2,Chennai,2026-10-06 23:08:48.865642,Uber,2026-10-06,23,False
918,C1027,7028.73,Delhi,2026-10-04 01:32:48.865646,Amazon,2026-10-04,1,False
919,C1069,8231.32,Chennai,2026-10-05 07:28:48.865653,Swiggy,2026-10-05,7,False
920,C1015,3379.94,New York,2026-10-04 13:55:48.865658,Flipkart,2026-10-04,13,False
921,C1088,597.56,New York,2026-10-03 05:48:48.865662,Flipkart,2026-10-03,5,False
922,C1095,154.49,Mumbai,2026-10-02 02:03:48.865666,Uber,2026-10-02,2,False
923,C1026,246.61,Mumbai,2026-10-07 12:27:48.865671,Walmart,2026-10-07,12,False
924,C1002,8374.92,Chennai,2026-10-06 13:54:48.865675,Walmart,2026-10-06,13,False
925,C1016,9399.49,Bangalore,2026-10-04 14:50:48.865680,Zomato,2026-10-04,14,False
926,C1047,3892.85,Bangalore,2026-10-07 08:59:48.865685,Myntra,2026-10-07,8,False
927,C1095,6705.18,Chennai,2026-10-02 18:39:48.865689,Amazon,2026-10-02,18,False
928,C1093,7434.67,London,2026-10-04 19:10:48.865694,Amazon,2026-10-04,19,False
929,C1002,9135.74,Pune,2026-10-03 17:00:48.865698,Flipkart,2026-10-03,17,False
930,C1040,9017.49,Chennai,2026-10-04 14:56:48.865703,Zomato,2026-10-04,14,False
931,C1007,7258.87,London,2026-10-07 09:55:48.865707,Uber,2026-10-07,9,False
932,C1065,5744.44,New York,2026-10-04 14:51:48.865713,Flipkart,2026-10-04,14,False
933,C1038,3581.73,Pune,2026-10-07 20:26:48.865719,Walmart,2026-10-07,20,False
934,C1009,9876.56,Mumbai,2026-10-07 03:08:48.865724,Flipkart,2026-10-07,3,False
935,C1011,6963.58,Bangalore,2026-10-01 09:01:48.865729,Myntra,2026-10-01,9,False
936,C1060,3705.96,New York,2026-10-01 07:52:48.865734,Zomato,2026-10-01,7,False
937,C1033,1835.57,Chennai,2026-10-04 02:05:48.865738,Flipkart,2026-10-04,2,False
938,C1100,5297.07,Hyderabad,2026-10-06 05:39:48.865742,Apple,2026-10-06,5,False
939,C1076,2307.82,Chennai,2026-10-06 01:07:48.865747,Apple,2026-10-06,1,False
940,C1045,5987.14,Delhi,2026-10-05 04:19:48.865752,Swiggy,2026-10-05,4,False
941,C1074,5684.65,Delhi,2026-10-06 22:13:48.865757,Zomato,2026-10-06,22,False
942,C1075,9426.75,Bangalore,2026-10-07 22:26:48.865762,Apple,2026-10-07,22,False
943,C1041,338.54,Hyderabad,2026-10-01 03:03:48.865766,Amazon,2026-10-01,3,False
944,C1086,5200.42,London,2026-10-01 05:05:48.865771,Flipkart,2026-10-01,5,False
945,C1094,8718.84,Chennai,2026-10-07 20:39:48.865775,Apple,2026-10-07,20,False
946,C1012,3066.36,London,2026-10-03 13:03:48.865780,Zomato,2026-10-03,13,False
947,C1085,5076.84,New York,2026-10-02 17:43:48.865785,Myntra,2026-10-02,17,False
948,C1083,3391.86,London,2026-10-05 01:48:48.865789,Flipkart,2026-10-05,1,False
949,C1052,1055.7,Chennai,2026-10-02 00:15:48.865794,Walmart,2026-10-02,0,False
950,C1036,4484.91,Mumbai,2026-10-03 07:36:48.865799,Uber,2026-10-03,7,False
951,C1038,7239.92,London,2026-10-05 16:41:48.865803,Swiggy,2026-10-05,16,False
952,C1096,2859.43,London,2026-10-05 17:36:48.865809,Apple,2026-10-05,17,False
953,C1030,8972.05,Chennai,2026-10-06 10:06:48.865814,Swiggy,2026-10-06,10,False
954,C1016,7028.48,Chennai,2026-10-03 23:32:48.865818,Uber,2026-10-03,23,False
955,C1036,3567.36,London,2026-10-06 17:33:48.865825,Zomato,2026-10-06,17,False
956,C1100,7492.05,Delhi,2026-10-07 00:05:48.865829,Amazon,2026-10-07,0,False
957,C1042,7038.83,Mumbai,2026-10-03 20:10:48.865834,Flipkart,2026-10-03,20,False
958,C1046,9435.57,Pune,2026-10-07 19:12:48.865838,Walmart,2026-10-07,19,False
959,C1076,4779.26,New York,2026-10-01 13:12:48.865843,Uber,2026-10-01,13,False
960,C1057,7502.23,Bangalore,2026-10-01 13:15:48.865848,Zomato,2026-10-01,13,False
961,C1071,5794.43,London,2026-10-06 21:47:48.865854,Flipkart,2026-10-06,21,False
962,C1063,7805.36,Chennai,2026-10-05 18:00:48.865858,Amazon,2026-10-05,18,False
963,C1064,5315.26,New York,2026-10-06 00:18:48.865862,Walmart,2026-10-06,0,False
964,C1035,6465.55,Pune,2026-10-07 17:26:48.865867,Amazon,2026-10-07,17,False
965,C1051,7124.44,Pune,2026-10-07 04:27:48.865871,Myntra,2026-10-07,4,False
966,C1068,9461.27,Hyderabad,2026-10-03 22:21:48.865876,Apple,2026-10-03,22,False
967,C1039,1353.65,New York,2026-10-06 02:56:48.865880,Zomato,2026-10-06,2,False
968,C1014,1278.97,London,2026-10-02 01:27:48.865885,Swiggy,2026-10-02,1,False
969,C1080,5123.08,New York,2026-10-05 18:33:48.865889,Flipkart,2026-10-05,18,False
970,C1004,8740.34,Hyderabad,2026-10-02 10:30:48.865894,Apple,2026-10-02,10,False
971,C1022,3112.01,New York,2026-10-04 05:22:48.865898,Zomato,2026-10-04,5,False
972,C1033,6038.07,Hyderabad,2026-10-01 13:35:48.865905,Swiggy,2026-10-01,13,False
973,C1059,8461.51,London,2026-10-07 21:07:48.865910,Myntra,2026-10-07,21,False
974,C1093,180.81,Bangalore,2026-10-04 09:05:48.865915,Amazon,2026-10-04,9,False
975,C1080,5777.79,Pune,2026-10-06 19:56:48.865920,Myntra,2026-10-06,19,False
976,C1025,9574.84,Delhi,2026-10-05 02:03:48.865924,Zomato,2026-10-05,2,False
977,C1096,8962.25,Chennai,2026-10-01 12:14:48.865929,Swiggy,2026-10-01,12,False
978,C1034,7874.55,New York,2026-10-04 21:34:48.865933,Swiggy,2026-10-04,21,False
979,C1061,9886.73,Bangalore,2026-10-01 06:18:48.865937,Apple,2026-10-01,6,False
980,C1009,1984.51,London,2026-10-02 11:06:48.865942,Zomato,2026-10-02,11,False
981,C1049,2243.82,London,2026-10-07 02:55:48.865946,Uber,2026-10-07,2,False
982,C1020,1157.01,Chennai,2026-10-02 08:31:48.865954,Walmart,2026-10-02,8,False
983,C1095,809.4,Hyderabad,2026-10-06 01:49:48.865961,Walmart,2026-10-06,1,False
984,C1029,831.72,Mumbai,2026-10-03 17:25:48.865965,Myntra,2026-10-03,17,False
985,C1098,3828.64,London,2026-10-01 07:31:48.865970,Amazon,2026-10-01,7,False
986,C1005,2312.5,Hyderabad,2026-10-01 22:34:48.865975,Zomato,2026-10-01,22,False
987,C1088,4262.49,Pune,2026-10-05 13:46:48.865979,Uber,2026-10-05,13,False
988,C1092,769.84,New York,2026-10-01 14:01:48.865984,Zomato,2026-10-01,14,False
989,C1019,1779.51,Mumbai,2026-10-07 09:35:48.865989,Amazon,2026-10-07,9,False
990,C1044,5242.74,Delhi,2026-10-01 16:49:48.865994,Zomato,2026-10-01,16,False
991,C1080,6508.84,Chennai,2026-10-07 09:16:48.866000,Apple,2026-10-07,9,False
992,C1023,6577.0,Hyderabad,2026-10-03 23:35:48.866006,Zomato,2026-10-03,23,False
993,C1083,4139.49,Bangalore,2026-10-07 01:46:48.866010,Swiggy,2026-10-07,1,False
994,C1040,7472.77,New York,2026-10-01 03:24:48.866015,Uber,2026-10-01,3,False
995,C1035,7885.97,Hyderabad,2026-10-07 00:09:48.866020,Flipkart,2026-10-07,0,False
996,C1014,536.93,Bangalore,2026-10-07 20:40:48.866024,Myntra,2026-10-07,20,False
997,C1047,7110.18,Bangalore,2026-10-01 00:31:48.866029,Zomato,2026-10-01,0,False
998,C1046,6465.87,Chennai,2026-10-01 21:45:48.866033,Amazon,2026-10-01,21,False
999,C1015,2699.54,Mumbai,2026-10-06 19:22:48.866038,Myntra,2026-10-06,19,False
1000,C1052,5838.79,Mumbai,2026-10-05 06:59:48.866042,Swiggy,2026-10-05,6,False
1001,C1001,500000.0,London,2026-10-07 23:43:48.866055,Apple,2026-10-07,23,True
1002,C1002,750000.0,New York,2026-10-07 23:43:48.866056,Walmart,2026-10-07,23,True
